date,home_team,away_team,home_score,away_score,home_form,h2h_advantage,home_goals_avg,away_concede_avg,attack_vs_defense,home_advantage,target
2023-08-11,Burnley FC,Manchester City FC,0,3,0.42990654205607476,0.5,1.6130841121495327,1.3869158878504673,0.22616822429906547,0.42990654205607476,0
2023-08-12,Arsenal FC,Nottingham Forest FC,2,1,0.42990654205607476,0.5,1.6130841121495327,1.3869158878504673,0.22616822429906547,0.42990654205607476,1
2023-08-12,AFC Bournemouth,West Ham United FC,1,1,0.42990654205607476,0.5,1.6130841121495327,1.3869158878504673,0.22616822429906547,0.42990654205607476,0
2023-08-12,Brighton & Hove Albion FC,Luton Town FC,4,1,0.42990654205607476,0.5,1.6130841121495327,1.3869158878504673,0.22616822429906547,0.42990654205607476,1
2023-08-12,Everton FC,Fulham FC,0,1,0.42990654205607476,0.5,1.6130841121495327,1.3869158878504673,0.22616822429906547,0.42990654205607476,0
2023-08-12,Sheffield United FC,Crystal Palace FC,0,1,0.42990654205607476,0.5,1.6130841121495327,1.3869158878504673,0.22616822429906547,0.42990654205607476,0
2023-08-12,Newcastle United FC,Aston Villa FC,5,1,0.42990654205607476,0.5,1.6130841121495327,1.3869158878504673,0.22616822429906547,0.42990654205607476,1
2023-08-13,Chelsea FC,Liverpool FC,1,1,0.42990654205607476,0.5,1.6130841121495327,1.3869158878504673,0.22616822429906547,0.42990654205607476,0
2023-08-13,Brentford FC,Tottenham Hotspur FC,2,2,0.42990654205607476,0.5,1.6130841121495327,1.3869158878504673,0.22616822429906547,0.42990654205607476,0
2023-08-14,Manchester United FC,Wolverhampton Wanderers FC,1,0,0.42990654205607476,0.5,1.6130841121495327,1.3869158878504673,0.22616822429906547,0.42990654205607476,1
2023-08-18,Nottingham Forest FC,Sheffield United FC,2,1,0.0,0.5,1.6130841121495327,1.3869158878504673,0.22616822429906547,0.42990654205607476,1
2023-08-19,Manchester City FC,Newcastle United FC,1,0,1.0,0.5,1.6130841121495327,1.3869158878504673,0.22616822429906547,0.42990654205607476,1
2023-08-19,Fulham FC,Brentford FC,0,3,1.0,0.5,1.6130841121495327,1.3869158878504673,0.22616822429906547,0.42990654205607476,0
2023-08-19,Liverpool FC,AFC Bournemouth,3,1,0.0,0.5,1.6130841121495327,1.3869158878504673,0.22616822429906547,0.42990654205607476,1
2023-08-19,Wolverhampton Wanderers FC,Brighton & Hove Albion FC,1,4,0.0,0.5,1.6130841121495327,1.3869158878504673,0.22616822429906547,0.42990654205607476,0
2023-08-19,Tottenham Hotspur FC,Manchester United FC,2,0,0.0,0.5,1.6130841121495327,1.3869158878504673,0.22616822429906547,0.42990654205607476,1
2023-08-20,West Ham United FC,Chelsea FC,3,1,0.0,0.5,1.6130841121495327,1.3869158878504673,0.22616822429906547,0.42990654205607476,1
2023-08-20,Aston Villa FC,Everton FC,4,0,0.0,0.5,1.6130841121495327,1.3869158878504673,0.22616822429906547,0.42990654205607476,1
2023-08-21,Crystal Palace FC,Arsenal FC,0,1,1.0,0.5,1.6130841121495327,1.3869158878504673,0.22616822429906547,0.42990654205607476,0
2023-08-25,Chelsea FC,Luton Town FC,3,0,0.0,0.5,1.0,1.0,0.0,0.0,1
2023-08-26,AFC Bournemouth,Tottenham Hotspur FC,0,2,0.0,0.5,1.0,2.0,-1.0,0.0,0
2023-08-26,Everton FC,Wolverhampton Wanderers FC,0,1,0.0,0.5,0.0,0.0,0.0,0.0,0
2023-08-26,Manchester United FC,Nottingham Forest FC,3,2,0.5,0.5,1.0,1.0,0.0,1.0,1
2023-08-26,Arsenal FC,Fulham FC,2,2,1.0,0.5,2.0,1.0,1.0,1.0,0
2023-08-26,Brentford FC,Crystal Palace FC,1,1,0.5,0.5,2.0,1.0,1.0,0.0,0
2023-08-26,Brighton & Hove Albion FC,West Ham United FC,1,3,1.0,0.5,4.0,1.0,3.0,1.0,0
2023-08-27,Sheffield United FC,Manchester City FC,1,2,0.0,0.5,0.0,3.0,-3.0,0.0,0
2023-08-27,Burnley FC,Aston Villa FC,1,3,0.0,0.5,0.0,1.0,-1.0,0.0,0
2023-08-27,Newcastle United FC,Liverpool FC,1,2,0.5,0.5,5.0,1.0,4.0,1.0,0
2023-09-01,Luton Town FC,West Ham United FC,1,2,0.0,0.5,1.6130841121495327,2.0,-0.38691588785046727,0.42990654205607476,0
2023-09-02,Brighton & Hove Albion FC,Newcastle United FC,3,1,0.6666666666666666,0.5,2.5,0.0,2.5,0.5,1
2023-09-02,Manchester City FC,Fulham FC,5,1,1.0,0.5,1.0,1.5,-0.5,1.0,1
2023-09-02,Chelsea FC,Nottingham Forest FC,0,1,0.3333333333333333,0.5,2.0,1.5,0.5,0.5,0
2023-09-02,Sheffield United FC,Everton FC,2,2,0.0,0.5,0.5,0.0,0.5,0.0,0
2023-09-02,Brentford FC,AFC Bournemouth,2,2,0.3333333333333333,0.5,1.5,1.0,0.5,0.0,0
2023-09-02,Burnley FC,Tottenham Hotspur FC,2,5,0.0,0.5,0.5,2.0,-1.5,0.0,0
2023-09-03,Crystal Palace FC,Wolverhampton Wanderers FC,3,2,0.3333333333333333,0.5,0.0,0.5,-0.5,0.0,1
2023-09-03,Liverpool FC,Aston Villa FC,3,0,0.6666666666666666,0.5,3.0,2.0,1.0,1.0,1
2023-09-03,Arsenal FC,Manchester United FC,3,1,0.6666666666666666,0.5,2.0,0.0,2.0,0.5,1
2023-09-16,Wolverhampton Wanderers FC,Liverpool FC,1,3,0.25,0.5,1.0,1.5,-0.5,0.0,0
2023-09-16,Aston Villa FC,Crystal Palace FC,3,1,0.5,0.5,4.0,1.0,3.0,1.0,1
2023-09-16,Fulham FC,Luton Town FC,1,0,0.25,0.5,0.0,0.5,-0.5,0.0,1
2023-09-16,Manchester United FC,Brighton & Hove Albion FC,1,3,0.5,0.5,2.0,4.0,-2.0,1.0,0
2023-09-16,Tottenham Hotspur FC,Sheffield United FC,2,1,0.75,0.5,2.0,1.0,1.0,1.0,1
2023-09-16,West Ham United FC,Manchester City FC,1,3,0.75,0.5,3.0,2.5,0.5,1.0,0
2023-09-16,Newcastle United FC,Brentford FC,1,0,0.25,0.5,3.0,3.0,0.0,0.5,1
2023-09-17,Everton FC,Arsenal FC,0,1,0.0,0.5,0.0,1.0,-1.0,0.0,0
2023-09-17,AFC Bournemouth,Chelsea FC,0,0,0.0,0.5,0.5,1.0,-0.5,0.0,0
2023-09-18,Nottingham Forest FC,Burnley FC,1,1,0.5,0.5,2.0,1.3869158878504673,0.6130841121495327,1.0,0
2023-09-23,Crystal Palace FC,Fulham FC,0,0,0.4,0.5,1.5,1.3333333333333333,0.16666666666666674,0.5,0
2023-09-23,Luton Town FC,Wolverhampton Wanderers FC,1,1,0.0,0.5,1.0,1.0,0.0,0.0,0
2023-09-23,Manchester City FC,Nottingham Forest FC,2,0,1.0,0.5,3.0,1.3333333333333333,1.6666666666666667,1.0,1
2023-09-23,Brentford FC,Everton FC,1,3,0.2,0.5,1.6666666666666667,1.0,0.6666666666666667,0.0,0
2023-09-23,Burnley FC,Manchester United FC,0,1,0.0,0.5,1.0,0.5,0.5,0.0,0
2023-09-24,Arsenal FC,Tottenham Hotspur FC,2,2,0.8,0.5,2.3333333333333335,3.0,-0.6666666666666665,0.6666666666666666,0
2023-09-24,Brighton & Hove Albion FC,AFC Bournemouth,3,1,0.8,0.5,2.6666666666666665,1.5,1.1666666666666665,0.6666666666666666,1
2023-09-24,Chelsea FC,Aston Villa FC,0,1,0.2,0.5,1.3333333333333333,1.3333333333333333,0.0,0.3333333333333333,0
2023-09-24,Liverpool FC,West Ham United FC,3,1,0.8,0.5,3.0,2.0,1.0,1.0,1
2023-09-24,Sheffield United FC,Newcastle United FC,0,8,0.0,0.5,1.0,0.5,0.5,0.0,0
2023-09-30,West Ham United FC,Sheffield United FC,2,0,0.6,0.5,2.0,1.0,1.0,0.5,1
2023-09-30,Tottenham Hotspur FC,Liverpool FC,2,1,0.8,0.5,2.0,2.0,0.0,1.0,1
2023-09-30,Newcastle United FC,Burnley FC,2,0,0.4,0.5,2.3333333333333335,1.0,1.3333333333333335,0.6666666666666666,1
2023-09-30,Wolverhampton Wanderers FC,Manchester City FC,2,1,0.2,0.5,1.0,2.6666666666666665,-1.6666666666666665,0.0,1
2023-09-30,Everton FC,Luton Town FC,1,2,0.2,0.5,0.0,0.3333333333333333,-0.3333333333333333,0.0,0
2023-09-30,Aston Villa FC,Brighton & Hove Albion FC,6,1,0.8,0.5,3.5,3.5,0.0,1.0,1
2023-09-30,Manchester United FC,Crystal Palace FC,0,1,0.4,0.5,1.6666666666666667,1.0,0.6666666666666667,0.6666666666666666,0
2023-09-30,AFC Bournemouth,Arsenal FC,0,4,0.0,0.5,0.3333333333333333,1.0,-0.6666666666666667,0.0,0
2023-10-01,Nottingham Forest FC,Brentford FC,1,1,0.4,0.5,1.5,1.5,0.0,0.5,0
2023-10-02,Fulham FC,Chelsea FC,0,2,0.2,0.5,0.5,0.5,0.0,0.5,0
2023-10-03,Luton Town FC,Burnley FC,1,2,0.2,0.5,1.0,0.5,0.5,0.0,0
2023-10-07,Luton Town FC,Tottenham Hotspur FC,0,1,0.2,0.5,1.0,2.75,-1.75,0.0,0
2023-10-07,Burnley FC,Chelsea FC,1,4,0.2,0.5,0.75,1.0,-0.25,0.0,0
2023-10-07,Everton FC,AFC Bournemouth,3,0,0.2,0.5,0.25,1.3333333333333333,-1.0833333333333333,0.0,1
2023-10-07,Fulham FC,Sheffield United FC,3,1,0.2,0.5,0.3333333333333333,0.6666666666666666,-0.3333333333333333,0.3333333333333333,1
2023-10-07,Manchester United FC,Brentford FC,2,1,0.4,0.5,1.25,1.3333333333333333,-0.08333333333333326,0.5,1
2023-10-07,Crystal Palace FC,Nottingham Forest FC,0,0,0.4,0.5,1.0,1.0,0.0,0.3333333333333333,0
2023-10-08,Wolverhampton Wanderers FC,Aston Villa FC,1,1,0.4,0.5,1.3333333333333333,1.25,0.08333333333333326,0.3333333333333333,0
2023-10-08,Arsenal FC,Manchester City FC,1,0,0.6,0.5,2.25,2.25,0.0,0.5,1
2023-10-08,Brighton & Hove Albion FC,Liverpool FC,2,2,0.6,0.5,2.75,1.75,1.0,0.75,0
2023-10-08,West Ham United FC,Newcastle United FC,2,2,0.6,0.5,2.0,3.0,-1.0,0.6666666666666666,0
2023-10-21,Chelsea FC,Arsenal FC,2,2,0.4,0.5,1.0,2.0,-1.0,0.25,0
2023-10-21,Nottingham Forest FC,Luton Town FC,2,2,0.2,0.5,1.3333333333333333,0.75,0.5833333333333333,0.3333333333333333,0
2023-10-21,Newcastle United FC,Crystal Palace FC,4,0,0.6,0.5,2.25,1.0,1.25,0.75,1
2023-10-21,Sheffield United FC,Manchester United FC,1,2,0.0,0.5,0.75,0.6666666666666666,0.08333333333333337,0.0,0
2023-10-21,Brentford FC,Burnley FC,3,0,0.0,0.5,1.5,1.0,0.5,0.0,1
2023-10-21,Liverpool FC,Everton FC,2,0,0.6,0.5,3.0,1.6666666666666667,1.3333333333333333,1.0,1
2023-10-21,Manchester City FC,Brighton & Hove Albion FC,2,1,0.6,0.5,2.6666666666666665,2.6666666666666665,0.0,1.0,1
2023-10-21,AFC Bournemouth,Wolverhampton Wanderers FC,1,2,0.0,0.5,0.25,1.0,-0.75,0.0,0
2023-10-22,Aston Villa FC,West Ham United FC,4,1,0.6,0.5,4.333333333333333,1.75,2.583333333333333,1.0,1
2023-10-23,Tottenham Hotspur FC,Fulham FC,2,0,0.8,0.5,2.0,1.0,1.0,1.0,1
2023-10-27,Crystal Palace FC,Tottenham Hotspur FC,1,2,0.2,0.5,0.75,2.4,-1.65,0.25,0
2023-10-28,Chelsea FC,Brentford FC,0,2,0.4,0.5,1.2,1.25,-0.050000000000000044,0.2,0
2023-10-28,AFC Bournemouth,Burnley FC,2,1,0.0,0.5,0.4,0.75,-0.35,0.0,1
2023-10-28,Arsenal FC,Sheffield United FC,5,0,0.6,0.5,2.0,0.75,1.25,0.6,1
2023-10-28,Wolverhampton Wanderers FC,Newcastle United FC,2,2,0.4,0.5,1.25,2.75,-1.5,0.25,0
2023-10-29,Manchester United FC,Manchester City FC,0,3,0.6,0.5,1.4,1.8,-0.40000000000000013,0.6,0
2023-10-29,Liverpool FC,Nottingham Forest FC,3,0,0.6,0.5,2.75,0.8,1.95,1.0,1
2023-10-29,Brighton & Hove Albion FC,Fulham FC,1,1,0.4,0.5,2.6,0.8,1.8,0.6,0
2023-10-29,West Ham United FC,Everton FC,0,1,0.2,0.5,2.0,1.25,0.75,0.5,0
2023-10-29,Aston Villa FC,Luton Town FC,3,1,0.8,0.5,4.25,1.0,3.25,1.0,1
2023-11-04,Fulham FC,Manchester United FC,0,1,0.2,0.5,1.0,1.0,0.0,0.5,0
2023-11-04,Brentford FC,West Ham United FC,3,2,0.4,0.5,1.8,1.6,0.19999999999999996,0.2,1
2023-11-04,Burnley FC,Crystal Palace FC,0,2,0.2,0.5,0.8,0.8,0.0,0.0,0
2023-11-04,Everton FC,Brighton & Hove Albion FC,1,1,0.6,0.5,0.8,2.25,-1.45,0.2,0
2023-11-04,Manchester City FC,AFC Bournemouth,6,1,0.6,0.5,2.5,1.0,1.5,1.0,1
2023-11-04,Sheffield United FC,Wolverhampton Wanderers FC,2,1,0.0,0.5,0.8,1.2,-0.3999999999999999,0.0,1
2023-11-04,Newcastle United FC,Arsenal FC,1,0,0.6,0.5,2.6,2.0,0.6000000000000001,0.8,1
2023-11-05,Nottingham Forest FC,Aston Villa FC,2,0,0.0,0.5,1.5,1.2,0.30000000000000004,0.25,1
2023-11-05,Luton Town FC,Liverpool FC,1,1,0.2,0.5,0.75,1.8,-1.05,0.0,0
2023-11-06,Tottenham Hotspur FC,Chelsea FC,1,4,0.8,0.5,2.0,1.75,0.25,1.0,0
2023-11-11,Manchester United FC,Luton Town FC,1,0,0.6,0.5,1.2,1.0,0.19999999999999996,0.5,1
2023-11-11,Crystal Palace FC,Everton FC,2,3,0.4,0.5,0.8,1.2,-0.3999999999999999,0.2,0
2023-11-11,AFC Bournemouth,Newcastle United FC,2,0,0.2,0.5,0.6,2.6,-2.0,0.16666666666666666,1
2023-11-11,Wolverhampton Wanderers FC,Tottenham Hotspur FC,2,1,0.4,0.5,1.4,2.4,-1.0,0.2,1
2023-11-11,Arsenal FC,Burnley FC,3,1,0.6,0.5,2.6,0.8,1.8,0.6666666666666666,1
2023-11-12,Aston Villa FC,Fulham FC,3,1,0.6,0.5,4.0,0.8,3.2,1.0,1
2023-11-12,Brighton & Hove Albion FC,Sheffield United FC,1,1,0.0,0.5,2.0,0.6,1.4,0.5,0
2023-11-12,Liverpool FC,Brentford FC,3,0,0.4,0.5,2.8,1.4,1.4,1.0,1
2023-11-12,West Ham United FC,Nottingham Forest FC,3,2,0.2,0.5,1.6,0.6,1.0,0.4,1
2023-11-12,Chelsea FC,Manchester City FC,4,4,0.6,0.5,1.0,1.8,-0.8,0.16666666666666666,0
2023-11-25,Brentford FC,Arsenal FC,0,1,0.6,0.5,2.0,1.6,0.3999999999999999,0.3333333333333333,0
2023-11-25,Sheffield United FC,AFC Bournemouth,1,3,0.2,0.5,1.2,1.0,0.19999999999999996,0.16666666666666666,0
2023-11-25,Nottingham Forest FC,Brighton & Hove Albion FC,2,3,0.2,0.5,1.6,2.0,-0.3999999999999999,0.4,0
2023-11-25,Luton Town FC,Crystal Palace FC,2,1,0.0,0.5,0.8,1.0,-0.19999999999999996,0.0,1
2023-11-25,Burnley FC,West Ham United FC,1,2,0.0,0.5,0.8,1.8,-1.0,0.0,0
2023-11-25,Manchester City FC,Liverpool FC,1,1,0.6,0.5,3.2,1.8,1.4000000000000001,1.0,0
2023-11-25,Newcastle United FC,Chelsea FC,4,1,0.4,0.5,1.8,2.2,-0.40000000000000013,0.8333333333333334,1
2023-11-26,Tottenham Hotspur FC,Aston Villa FC,1,2,0.6,0.5,1.8,1.0,0.8,0.8,0
2023-11-26,Everton FC,Manchester United FC,0,3,0.6,0.5,1.0,1.0,0.0,0.16666666666666666,0
2023-11-27,Fulham FC,Wolverhampton Wanderers FC,3,2,0.2,0.5,0.8,1.4,-0.5999999999999999,0.4,1
2023-12-02,Newcastle United FC,Manchester United FC,1,0,0.6,0.5,2.4,1.6,0.7999999999999998,0.8571428571428571,1
2023-12-02,Burnley FC,Sheffield United FC,5,0,0.0,0.5,0.8,0.6,0.20000000000000007,0.0,1
2023-12-02,Nottingham Forest FC,Everton FC,0,1,0.2,0.5,1.6,1.8,-0.19999999999999996,0.3333333333333333,0
2023-12-02,Brentford FC,Luton Town FC,3,1,0.6,0.5,1.8,1.0,0.8,0.2857142857142857,1
2023-12-02,Arsenal FC,Wolverhampton Wanderers FC,2,1,0.6,0.5,2.8,1.6,1.1999999999999997,0.7142857142857143,1
2023-12-03,AFC Bournemouth,Aston Villa FC,2,2,0.6,0.5,1.0,0.8,0.19999999999999996,0.2857142857142857,0
2023-12-03,Chelsea FC,Brighton & Hove Albion FC,3,2,0.2,0.5,1.2,1.8,-0.6000000000000001,0.14285714285714285,1
2023-12-03,Liverpool FC,Fulham FC,4,3,0.6,0.5,2.8,0.6,2.1999999999999997,1.0,1
2023-12-03,West Ham United FC,Crystal Palace FC,1,1,0.4,0.5,1.6,1.0,0.6000000000000001,0.5,0
2023-12-03,Manchester City FC,Tottenham Hotspur FC,3,3,0.6,0.5,3.2,2.2,1.0,0.8333333333333334,0
2023-12-05,Wolverhampton Wanderers FC,Burnley FC,1,0,0.2,0.5,1.6,0.8,0.8,0.3333333333333333,1
2023-12-05,Luton Town FC,Arsenal FC,3,4,0.2,0.5,1.0,1.6,-0.6000000000000001,0.16666666666666666,0
2023-12-06,Brighton & Hove Albion FC,Brentford FC,2,1,0.2,0.5,2.0,0.8,1.2,0.42857142857142855,1
2023-12-06,Fulham FC,Nottingham Forest FC,5,0,0.2,0.5,1.4,0.6,0.7999999999999999,0.5,1
2023-12-06,Sheffield United FC,Liverpool FC,0,2,0.2,0.5,1.2,1.6,-0.40000000000000013,0.14285714285714285,0
2023-12-06,Crystal Palace FC,AFC Bournemouth,0,2,0.2,0.5,1.2,1.4,-0.19999999999999996,0.16666666666666666,0
2023-12-06,Aston Villa FC,Manchester City FC,1,0,0.6,0.5,3.8,2.2,1.5999999999999996,1.0,1
2023-12-06,Manchester United FC,Chelsea FC,2,1,0.6,0.5,0.8,2.2,-1.4000000000000001,0.5714285714285714,1
2023-12-07,Tottenham Hotspur FC,West Ham United FC,1,2,0.2,0.5,1.6,1.6,0.0,0.6666666666666666,0
2023-12-07,Everton FC,Newcastle United FC,3,0,0.6,0.5,1.0,2.6,-1.6,0.14285714285714285,1
2023-12-09,Crystal Palace FC,Liverpool FC,1,2,0.2,0.5,0.6,1.4,-0.7999999999999999,0.14285714285714285,0
2023-12-09,Brighton & Hove Albion FC,Burnley FC,1,1,0.4,0.5,1.8,0.8,1.0,0.5,0
2023-12-09,Manchester United FC,AFC Bournemouth,0,3,0.8,0.5,1.0,1.4,-0.3999999999999999,0.625,0
2023-12-09,Sheffield United FC,Brentford FC,1,0,0.2,0.5,0.8,1.0,-0.19999999999999996,0.125,1
2023-12-09,Wolverhampton Wanderers FC,Nottingham Forest FC,1,1,0.4,0.5,1.6,0.4,1.2000000000000002,0.42857142857142855,0
2023-12-09,Aston Villa FC,Arsenal FC,1,0,0.6,0.5,3.4,2.2,1.1999999999999997,1.0,1
2023-12-10,Fulham FC,West Ham United FC,5,0,0.4,0.5,2.2,1.6,0.6000000000000001,0.5714285714285714,1
2023-12-10,Everton FC,Chelsea FC,2,0,0.6,0.5,1.6,2.4,-0.7999999999999998,0.25,1
2023-12-10,Luton Town FC,Manchester City FC,1,2,0.2,0.5,1.4,1.6,-0.20000000000000018,0.14285714285714285,0
2023-12-10,Tottenham Hotspur FC,Newcastle United FC,4,1,0.0,0.5,1.4,2.4,-1.0,0.5714285714285714,1
2023-12-15,Nottingham Forest FC,Tottenham Hotspur FC,0,2,0.0,0.5,1.4,1.8,-0.40000000000000013,0.2857142857142857,0
2023-12-16,Chelsea FC,Sheffield United FC,2,0,0.2,0.5,1.8,0.4,1.4,0.25,1
2023-12-16,Manchester City FC,Crystal Palace FC,2,2,0.2,0.5,2.8,1.0,1.7999999999999998,0.7142857142857143,0
2023-12-16,Newcastle United FC,Fulham FC,3,0,0.4,0.5,2.4,1.0,1.4,0.875,1
2023-12-16,Burnley FC,Everton FC,0,2,0.2,0.5,1.4,1.6,-0.20000000000000018,0.125,0
2023-12-17,Liverpool FC,Manchester United FC,0,0,0.8,0.5,3.0,1.4,1.6,1.0,0
2023-12-17,West Ham United FC,Wolverhampton Wanderers FC,3,0,0.6,0.5,1.6,1.4,0.20000000000000018,0.42857142857142855,1
2023-12-17,Brentford FC,Aston Villa FC,1,2,0.2,0.5,2.0,1.2,0.8,0.375,0
2023-12-17,Arsenal FC,Brighton & Hove Albion FC,2,0,0.8,0.5,2.6,1.6,1.0,0.75,1
2023-12-21,Crystal Palace FC,Brighton & Hove Albion FC,1,1,0.0,0.5,0.8,1.4,-0.5999999999999999,0.125,0
2023-12-22,Aston Villa FC,Sheffield United FC,1,1,0.8,0.5,2.4,0.4,2.0,1.0,0
2023-12-23,West Ham United FC,Manchester United FC,2,0,0.6,0.5,1.8,1.2,0.6000000000000001,0.5,1
2023-12-23,Fulham FC,Burnley FC,0,2,0.6,0.5,3.2,0.6,2.6,0.625,0
2023-12-23,Luton Town FC,Newcastle United FC,1,0,0.2,0.5,1.4,1.0,0.3999999999999999,0.125,1
2023-12-23,Nottingham Forest FC,AFC Bournemouth,2,3,0.0,0.5,1.2,1.8,-0.6000000000000001,0.25,0
2023-12-23,Tottenham Hotspur FC,Everton FC,2,1,0.4,0.5,1.8,1.4,0.40000000000000013,0.625,1
2023-12-23,Liverpool FC,Arsenal FC,1,1,0.6,0.5,2.4,1.4,1.0,0.875,0
2023-12-24,Wolverhampton Wanderers FC,Chelsea FC,2,1,0.2,0.5,1.4,2.0,-0.6000000000000001,0.375,1
2023-12-26,Newcastle United FC,Nottingham Forest FC,1,3,0.4,0.5,2.6,0.6,2.0,0.8888888888888888,0
2023-12-26,AFC Bournemouth,Fulham FC,3,0,0.8,0.5,1.4,1.0,0.3999999999999999,0.25,1
2023-12-26,Sheffield United FC,Luton Town FC,2,3,0.2,0.5,1.0,1.2,-0.19999999999999996,0.2222222222222222,0
2023-12-26,Burnley FC,Liverpool FC,0,2,0.4,0.5,1.4,1.6,-0.20000000000000018,0.1111111111111111,0
2023-12-26,Manchester United FC,Aston Villa FC,3,2,0.2,0.5,1.0,1.4,-0.3999999999999999,0.5555555555555556,1
2023-12-27,Everton FC,Manchester City FC,1,3,0.8,0.5,1.8,1.8,0.0,0.3333333333333333,0
2023-12-27,Brentford FC,Wolverhampton Wanderers FC,1,4,0.2,0.5,2.0,1.2,0.8,0.3333333333333333,0
2023-12-27,Chelsea FC,Crystal Palace FC,2,1,0.4,0.5,2.2,1.2,1.0000000000000002,0.3333333333333333,1
2023-12-28,Brighton & Hove Albion FC,Tottenham Hotspur FC,4,2,0.2,0.5,1.4,1.8,-0.40000000000000013,0.4444444444444444,1
2023-12-28,Arsenal FC,West Ham United FC,0,2,0.6,0.5,2.6,1.4,1.2000000000000002,0.7777777777777778,0
2023-12-30,Luton Town FC,Chelsea FC,2,3,0.4,0.0,1.6,1.4,0.20000000000000018,0.2222222222222222,0
2023-12-30,Aston Villa FC,Burnley FC,3,2,0.6,1.0,1.8,1.0,0.8,0.8888888888888888,1
2023-12-30,Crystal Palace FC,Brentford FC,3,1,0.0,0.0,1.0,0.8,0.19999999999999996,0.1111111111111111,1
2023-12-30,Manchester City FC,Sheffield United FC,2,0,0.4,1.0,2.8,0.4,2.4,0.625,1
2023-12-30,Wolverhampton Wanderers FC,Everton FC,3,0,0.6,1.0,1.6,1.6,0.0,0.4444444444444444,1
2023-12-30,Nottingham Forest FC,Manchester United FC,2,1,0.2,0.0,1.2,0.8,0.3999999999999999,0.2222222222222222,1
2023-12-31,Fulham FC,Arsenal FC,2,1,0.4,0.0,2.6,1.2,1.4000000000000001,0.5555555555555556,1
2023-12-31,Tottenham Hotspur FC,AFC Bournemouth,3,1,0.6,1.0,1.8,2.4,-0.5999999999999999,0.6666666666666666,1
2024-01-01,Liverpool FC,Newcastle United FC,4,2,0.6,1.0,2.2,0.6,1.6,0.7777777777777778,1
2024-01-02,West Ham United FC,Brighton & Hove Albion FC,0,0,0.8,1.0,1.8,1.4,0.40000000000000013,0.5555555555555556,0
2024-01-12,Burnley FC,Luton Town FC,1,1,0.2,1.0,1.2,1.4,-0.19999999999999996,0.1,0
2024-01-13,Newcastle United FC,Manchester City FC,2,3,0.2,0.0,2.0,2.4,-0.3999999999999999,0.8,0
2024-01-13,Chelsea FC,Fulham FC,1,0,0.6,1.0,2.2,1.0,1.2000000000000002,0.4,1
2024-01-14,Everton FC,Aston Villa FC,0,0,0.4,0.0,1.4,1.6,-0.20000000000000018,0.3,0
2024-01-14,Manchester United FC,Tottenham Hotspur FC,2,2,0.2,0.0,1.2,2.0,-0.8,0.6,0
2024-01-20,Arsenal FC,Crystal Palace FC,5,0,0.2,1.0,2.4,1.4,1.0,0.7,1
2024-01-20,Brentford FC,Nottingham Forest FC,3,2,0.0,0.0,1.6,1.2,0.40000000000000013,0.3,1
2024-01-21,Sheffield United FC,West Ham United FC,2,2,0.2,0.0,1.2,1.6,-0.40000000000000013,0.2,0
2024-01-21,AFC Bournemouth,Liverpool FC,0,4,0.8,0.0,2.0,1.6,0.3999999999999999,0.3333333333333333,0
2024-01-22,Brighton & Hove Albion FC,Wolverhampton Wanderers FC,0,0,0.2,1.0,1.8,1.6,0.19999999999999996,0.5,0
2024-01-30,Nottingham Forest FC,Arsenal FC,1,2,0.4,0.0,1.2,1.4,-0.19999999999999996,0.3,0
2024-01-30,Luton Town FC,Brighton & Hove Albion FC,4,0,0.4,0.0,1.8,1.2,0.6000000000000001,0.2,1
2024-01-30,Fulham FC,Everton FC,0,0,0.2,1.0,3.0,1.4,1.6,0.6,0
2024-01-30,Crystal Palace FC,Sheffield United FC,3,2,0.2,1.0,1.4,0.4,0.9999999999999999,0.2,1
2024-01-30,Aston Villa FC,Newcastle United FC,1,3,0.4,0.0,1.8,0.6,1.2000000000000002,0.9,0
2024-01-31,Manchester City FC,Burnley FC,3,1,0.8,1.0,2.8,1.2,1.5999999999999999,0.6666666666666666,1
2024-01-31,Liverpool FC,Chelsea FC,4,1,0.6,0.0,2.4,1.2,1.2,0.8,1
2024-01-31,Tottenham Hotspur FC,Brentford FC,3,2,0.6,0.0,2.2,0.8,1.4000000000000001,0.7,1
2024-02-01,West Ham United FC,AFC Bournemouth,1,1,0.6,0.0,1.8,2.4,-0.5999999999999999,0.5,0
2024-02-01,Wolverhampton Wanderers FC,Manchester United FC,3,4,0.6,0.0,1.8,0.8,1.0,0.5,0
2024-02-03,Everton FC,Tottenham Hotspur FC,2,2,0.0,0.0,1.2,2.0,-0.8,0.2727272727272727,0
2024-02-03,Brighton & Hove Albion FC,Crystal Palace FC,4,1,0.2,0.0,1.6,1.0,0.6000000000000001,0.45454545454545453,1
2024-02-03,Burnley FC,Fulham FC,2,2,0.2,1.0,1.4,0.8,0.5999999999999999,0.09090909090909091,0
2024-02-03,Newcastle United FC,Luton Town FC,4,4,0.2,0.0,2.2,1.2,1.0000000000000002,0.7272727272727273,0
2024-02-03,Sheffield United FC,Aston Villa FC,0,5,0.0,0.0,1.2,1.6,-0.40000000000000013,0.18181818181818182,0
2024-02-04,AFC Bournemouth,Nottingham Forest FC,1,1,0.4,1.0,1.8,1.6,0.19999999999999996,0.3,0
2024-02-04,Chelsea FC,Wolverhampton Wanderers FC,2,4,0.6,0.0,2.4,1.4,1.0,0.45454545454545453,0
2024-02-04,Manchester United FC,West Ham United FC,3,0,0.4,0.0,1.6,1.6,0.0,0.5454545454545454,1
2024-02-04,Arsenal FC,Liverpool FC,3,1,0.4,0.0,2.4,2.2,0.19999999999999973,0.7272727272727273,1
2024-02-05,Brentford FC,Manchester City FC,1,3,0.2,0.5,1.6,2.4,-0.7999999999999998,0.36363636363636365,0
2024-02-10,Wolverhampton Wanderers FC,Brentford FC,0,2,0.6,1.0,2.0,0.8,1.2,0.45454545454545453,0
2024-02-10,Nottingham Forest FC,Newcastle United FC,2,3,0.4,1.0,1.0,1.2,-0.19999999999999996,0.2727272727272727,0
2024-02-10,Luton Town FC,Sheffield United FC,1,3,0.4,1.0,2.2,0.6,1.6,0.2727272727272727,0
2024-02-10,Tottenham Hotspur FC,Brighton & Hove Albion FC,2,1,0.4,0.0,2.6,0.6,2.0,0.7272727272727273,1
2024-02-10,Fulham FC,AFC Bournemouth,3,1,0.2,0.0,2.4,2.0,0.3999999999999999,0.5454545454545454,1
2024-02-10,Manchester City FC,Everton FC,2,0,1.0,1.0,2.2,0.8,1.4000000000000001,0.7,1
2024-02-10,Liverpool FC,Burnley FC,3,1,0.8,1.0,2.6,1.2,1.4000000000000001,0.8181818181818182,1
2024-02-11,West Ham United FC,Arsenal FC,0,6,0.2,1.0,1.4,1.6,-0.20000000000000018,0.45454545454545453,0
2024-02-11,Aston Villa FC,Manchester United FC,1,2,0.4,0.0,1.4,1.0,0.3999999999999999,0.8181818181818182,0
2024-02-12,Crystal Palace FC,Chelsea FC,1,3,0.4,0.0,1.6,1.2,0.40000000000000013,0.2727272727272727,0
2024-02-17,Brentford FC,Liverpool FC,1,4,0.4,0.0,1.8,2.2,-0.40000000000000013,0.3333333333333333,0
2024-02-17,Burnley FC,Arsenal FC,0,5,0.0,0.0,1.6,2.0,-0.3999999999999999,0.08333333333333333,0
2024-02-17,Fulham FC,Aston Villa FC,1,2,0.4,0.0,2.0,2.2,-0.20000000000000018,0.5833333333333334,0
2024-02-17,Newcastle United FC,AFC Bournemouth,2,2,0.4,0.0,2.2,1.8,0.40000000000000013,0.6666666666666666,0
2024-02-17,Nottingham Forest FC,West Ham United FC,2,0,0.2,0.0,1.4,1.2,0.19999999999999996,0.25,1
2024-02-17,Tottenham Hotspur FC,Wolverhampton Wanderers FC,1,2,0.6,0.0,2.8,1.8,0.9999999999999998,0.75,0
2024-02-17,Manchester City FC,Chelsea FC,1,1,1.0,0.0,2.4,1.6,0.7999999999999998,0.7272727272727273,0
2024-02-18,Sheffield United FC,Brighton & Hove Albion FC,0,5,0.2,0.0,1.0,0.4,0.6,0.16666666666666666,0
2024-02-18,Luton Town FC,Manchester United FC,1,2,0.2,0.0,1.8,1.4,0.40000000000000013,0.25,0
2024-02-19,Everton FC,Crystal Palace FC,1,1,0.0,1.0,1.6,1.0,0.6000000000000001,0.25,0
2024-02-20,Manchester City FC,Brentford FC,1,0,0.8,1.0,2.0,1.2,0.8,0.6666666666666666,1
2024-02-21,Liverpool FC,Luton Town FC,4,1,0.8,0.0,2.4,1.8,0.5999999999999999,0.8333333333333334,1
2024-02-24,Aston Villa FC,Nottingham Forest FC,4,2,0.4,0.0,1.4,1.4,0.0,0.75,1
2024-02-24,Brighton & Hove Albion FC,Everton FC,1,1,0.4,0.0,2.2,0.6,1.6,0.5,0
2024-02-24,Crystal Palace FC,Burnley FC,3,0,0.2,1.0,1.8,1.4,0.40000000000000013,0.25,1
2024-02-24,Manchester United FC,Fulham FC,1,2,0.8,1.0,2.0,1.0,1.0,0.5833333333333334,0
2024-02-24,AFC Bournemouth,Manchester City FC,0,1,0.0,0.0,1.6,2.2,-0.6000000000000001,0.2727272727272727,0
2024-02-24,Arsenal FC,Newcastle United FC,4,1,1.0,0.0,2.4,1.8,0.5999999999999999,0.75,1
2024-02-25,Wolverhampton Wanderers FC,Sheffield United FC,1,0,0.4,0.0,1.8,1.2,0.6000000000000001,0.4166666666666667,1
2024-02-26,West Ham United FC,Brentford FC,4,2,0.0,0.0,1.2,1.0,0.19999999999999996,0.4166666666666667,1
2024-03-02,Nottingham Forest FC,Liverpool FC,0,1,0.2,0.0,1.8,2.6,-0.8,0.3076923076923077,0
2024-03-02,Newcastle United FC,Wolverhampton Wanderers FC,3,0,0.4,0.0,2.4,2.0,0.3999999999999999,0.6153846153846154,1
2024-03-02,Tottenham Hotspur FC,Crystal Palace FC,3,1,0.4,1.0,2.2,1.0,1.2000000000000002,0.6923076923076923,1
2024-03-02,Everton FC,West Ham United FC,1,3,0.0,1.0,1.2,0.8,0.3999999999999999,0.23076923076923078,0
2024-03-02,Brentford FC,Chelsea FC,2,2,0.2,1.0,1.4,1.8,-0.40000000000000013,0.3076923076923077,0
2024-03-02,Fulham FC,Brighton & Hove Albion FC,3,0,0.4,0.0,1.2,1.4,-0.19999999999999996,0.5384615384615384,1
2024-03-02,Luton Town FC,Aston Villa FC,2,3,0.2,0.0,1.8,2.2,-0.40000000000000013,0.23076923076923078,0
2024-03-03,Burnley FC,AFC Bournemouth,0,2,0.0,0.0,0.6,1.6,-1.0,0.07692307692307693,0
2024-03-03,Manchester City FC,Manchester United FC,3,1,0.8,1.0,1.8,1.8,0.0,0.6923076923076923,1
2024-03-04,Sheffield United FC,Arsenal FC,0,6,0.2,0.0,1.0,3.0,-2.0,0.15384615384615385,0
2024-03-09,Manchester United FC,Everton FC,2,0,0.6,1.0,1.8,0.4,1.4,0.5384615384615384,1
2024-03-09,AFC Bournemouth,Sheffield United FC,2,2,0.2,1.0,1.2,1.2,0.0,0.25,0
2024-03-09,Crystal Palace FC,Luton Town FC,1,1,0.2,0.0,2.2,2.0,0.20000000000000018,0.3076923076923077,0
2024-03-09,Wolverhampton Wanderers FC,Fulham FC,2,1,0.6,0.0,1.8,0.8,1.0,0.46153846153846156,1
2024-03-09,Arsenal FC,Brentford FC,2,1,1.0,1.0,2.8,1.4,1.4,0.7692307692307693,1
2024-03-10,Aston Villa FC,Tottenham Hotspur FC,0,4,0.8,1.0,2.0,2.2,-0.20000000000000018,0.7692307692307693,0
2024-03-10,Brighton & Hove Albion FC,Nottingham Forest FC,1,0,0.4,1.0,2.0,1.8,0.19999999999999996,0.46153846153846156,1
2024-03-10,West Ham United FC,Burnley FC,2,2,0.4,1.0,1.4,1.2,0.19999999999999996,0.46153846153846156,0
2024-03-10,Liverpool FC,Manchester City FC,1,1,0.8,0.0,3.2,2.4,0.8000000000000003,0.8461538461538461,0
2024-03-11,Chelsea FC,Newcastle United FC,3,2,0.2,0.0,2.0,1.8,0.19999999999999996,0.4166666666666667,1
2024-03-13,AFC Bournemouth,Luton Town FC,4,3,0.2,0.5,1.2,2.0,-0.8,0.23076923076923078,1
2024-03-16,Burnley FC,Brentford FC,2,1,0.0,0.0,0.6,1.4,-0.7999999999999999,0.07142857142857142,1
2024-03-16,Luton Town FC,Nottingham Forest FC,1,1,0.0,0.0,2.0,1.6,0.3999999999999999,0.21428571428571427,0
2024-03-16,Fulham FC,Tottenham Hotspur FC,3,0,0.6,0.0,1.8,2.4,-0.5999999999999999,0.5714285714285714,1
2024-03-17,West Ham United FC,Aston Villa FC,1,1,0.4,0.0,1.4,2.4,-1.0,0.42857142857142855,0
2024-03-30,Brentford FC,Manchester United FC,1,1,0.0,0.0,1.6,2.0,-0.3999999999999999,0.2857142857142857,0
2024-03-30,Aston Villa FC,Wolverhampton Wanderers FC,2,0,0.6,0.0,1.8,2.0,-0.19999999999999996,0.7142857142857143,1
2024-03-30,Tottenham Hotspur FC,Luton Town FC,2,1,0.6,1.0,2.4,2.0,0.3999999999999999,0.7142857142857143,1
2024-03-30,Sheffield United FC,Fulham FC,3,3,0.2,0.0,0.8,1.0,-0.19999999999999996,0.14285714285714285,0
2024-03-30,AFC Bournemouth,Everton FC,2,1,0.4,0.0,1.4,0.2,1.2,0.2857142857142857,1
2024-03-30,Chelsea FC,Burnley FC,2,2,0.4,1.0,2.0,1.2,0.8,0.46153846153846156,0
2024-03-30,Newcastle United FC,West Ham United FC,4,3,0.4,0.0,2.4,1.4,1.0,0.6428571428571429,1
2024-03-30,Nottingham Forest FC,Crystal Palace FC,1,1,0.2,0.0,1.4,0.8,0.5999999999999999,0.2857142857142857,0
2024-03-31,Liverpool FC,Brighton & Hove Albion FC,2,1,0.8,0.0,3.2,1.2,2.0,0.7857142857142857,1
2024-03-31,Manchester City FC,Arsenal FC,0,0,0.6,0.0,2.0,4.0,-2.0,0.7142857142857143,0
2024-04-02,Nottingham Forest FC,Fulham FC,3,1,0.0,0.0,1.2,1.6,-0.40000000000000013,0.26666666666666666,1
2024-04-02,Newcastle United FC,Everton FC,1,1,0.4,0.0,3.0,0.4,2.6,0.6666666666666666,0
2024-04-02,AFC Bournemouth,Crystal Palace FC,1,0,0.6,1.0,1.8,0.8,1.0,0.3333333333333333,1
2024-04-02,Burnley FC,Wolverhampton Wanderers FC,1,1,0.2,0.0,1.0,1.2,-0.19999999999999996,0.13333333333333333,0
2024-04-02,West Ham United FC,Tottenham Hotspur FC,1,1,0.4,1.0,1.6,2.0,-0.3999999999999999,0.4,0
2024-04-03,Manchester City FC,Aston Villa FC,4,1,0.6,0.0,1.4,2.2,-0.8000000000000003,0.6666666666666666,1
2024-04-03,Arsenal FC,Luton Town FC,2,0,0.8,1.0,2.8,2.0,0.7999999999999998,0.7857142857142857,1
2024-04-03,Brentford FC,Brighton & Hove Albion FC,0,0,0.0,0.0,1.6,1.4,0.20000000000000018,0.26666666666666666,0
2024-04-04,Chelsea FC,Manchester United FC,4,3,0.4,0.0,2.0,2.0,0.0,0.42857142857142855,1
2024-04-04,Liverpool FC,Sheffield United FC,3,1,0.8,1.0,2.8,1.4,1.4,0.8,1
2024-04-06,Crystal Palace FC,Manchester City FC,2,4,0.2,0.0,2.2,2.2,0.0,0.2857142857142857,0
2024-04-06,Aston Villa FC,Brentford FC,3,3,0.4,1.0,1.6,1.2,0.40000000000000013,0.7333333333333333,0
2024-04-06,Everton FC,Burnley FC,1,0,0.0,1.0,1.0,1.2,-0.19999999999999996,0.21428571428571427,1
2024-04-06,Fulham FC,Newcastle United FC,0,1,0.4,0.0,2.0,2.2,-0.20000000000000018,0.6,0
2024-04-06,Luton Town FC,AFC Bournemouth,2,1,0.0,0.0,1.8,1.4,0.40000000000000013,0.2,1
2024-04-06,Wolverhampton Wanderers FC,West Ham United FC,1,2,0.4,0.0,1.8,1.6,0.19999999999999996,0.5,0
2024-04-06,Brighton & Hove Albion FC,Arsenal FC,0,3,0.2,0.0,2.0,3.8,-1.7999999999999998,0.5,0
2024-04-07,Manchester United FC,Liverpool FC,2,2,0.2,0.0,2.2,2.4,-0.19999999999999973,0.5714285714285714,0
2024-04-07,Sheffield United FC,Chelsea FC,2,2,0.0,0.0,1.0,2.0,-1.0,0.13333333333333333,0
2024-04-07,Tottenham Hotspur FC,Nottingham Forest FC,3,1,0.6,1.0,2.2,1.2,1.0000000000000002,0.7333333333333333,1
2024-04-13,Nottingham Forest FC,Wolverhampton Wanderers FC,2,2,0.2,0.0,1.6,1.4,0.20000000000000018,0.3125,0
2024-04-13,Manchester City FC,Luton Town FC,5,1,0.6,1.0,1.8,1.2,0.6000000000000001,0.6875,1
2024-04-13,AFC Bournemouth,Manchester United FC,2,2,0.6,1.0,1.8,1.8,0.0,0.375,0
2024-04-13,Brentford FC,Sheffield United FC,2,0,0.0,0.0,1.0,1.6,-0.6000000000000001,0.25,1
2024-04-13,Newcastle United FC,Tottenham Hotspur FC,4,0,0.6,0.0,2.8,1.8,0.9999999999999998,0.625,1
2024-04-13,Burnley FC,Brighton & Hove Albion FC,1,1,0.2,0.0,1.0,1.4,-0.3999999999999999,0.125,0
2024-04-14,Liverpool FC,Crystal Palace FC,0,1,0.6,1.0,2.6,0.8,1.8,0.8125,0
2024-04-14,West Ham United FC,Fulham FC,0,2,0.2,0.0,1.6,1.8,-0.19999999999999996,0.375,0
2024-04-14,Arsenal FC,Aston Villa FC,0,2,0.8,0.0,3.2,2.4,0.8000000000000003,0.8,0
2024-04-15,Chelsea FC,Everton FC,6,0,0.4,0.0,2.4,0.6,1.7999999999999998,0.4666666666666667,1
2024-04-20,Sheffield United FC,Burnley FC,1,4,0.0,0.0,1.0,1.0,0.0,0.125,0
2024-04-20,Wolverhampton Wanderers FC,Arsenal FC,0,2,0.2,0.0,1.4,4.0,-2.6,0.4666666666666667,0
2024-04-20,Luton Town FC,Brentford FC,1,5,0.2,0.0,1.4,1.4,0.0,0.25,0
2024-04-21,Everton FC,Nottingham Forest FC,2,0,0.2,1.0,1.0,1.0,0.0,0.26666666666666666,1
2024-04-21,Aston Villa FC,AFC Bournemouth,3,1,0.4,0.0,2.0,1.4,0.6000000000000001,0.6875,1
2024-04-21,Crystal Palace FC,West Ham United FC,5,2,0.2,0.0,2.0,1.6,0.3999999999999999,0.26666666666666666,1
2024-04-21,Fulham FC,Liverpool FC,1,3,0.4,0.0,2.0,2.4,-0.3999999999999999,0.5625,0
2024-04-23,Arsenal FC,Chelsea FC,5,0,0.6,0.0,2.2,1.8,0.40000000000000013,0.75,1
2024-04-24,Everton FC,Liverpool FC,2,0,0.4,0.0,1.4,2.2,-0.8000000000000003,0.3125,1
2024-04-24,Wolverhampton Wanderers FC,AFC Bournemouth,0,1,0.0,1.0,0.8,1.4,-0.5999999999999999,0.4375,0
2024-04-24,Crystal Palace FC,Newcastle United FC,2,0,0.4,0.0,2.4,2.0,0.3999999999999999,0.3125,1
2024-04-24,Manchester United FC,Sheffield United FC,4,2,0.2,1.0,2.0,1.2,0.8,0.5333333333333333,1
2024-04-25,Brighton & Hove Albion FC,Manchester City FC,0,4,0.2,0.0,1.2,2.4,-1.2,0.4666666666666667,0
2024-04-27,West Ham United FC,Liverpool FC,2,2,0.2,0.0,1.6,2.0,-0.3999999999999999,0.35294117647058826,0
2024-04-27,Fulham FC,Crystal Palace FC,1,1,0.2,0.0,1.6,0.8,0.8,0.5294117647058824,0
2024-04-27,Manchester United FC,Burnley FC,1,1,0.2,1.0,2.4,1.6,0.7999999999999998,0.5625,0
2024-04-27,Newcastle United FC,Sheffield United FC,5,1,0.6,1.0,2.8,1.0,1.7999999999999998,0.6470588235294118,1
2024-04-27,Wolverhampton Wanderers FC,Luton Town FC,2,1,0.0,0.0,0.8,1.2,-0.3999999999999999,0.4117647058823529,1
2024-04-27,Everton FC,Brentford FC,1,0,0.6,1.0,1.4,2.4,-1.0,0.35294117647058826,1
2024-04-27,Aston Villa FC,Chelsea FC,2,2,0.6,1.0,2.4,1.6,0.7999999999999998,0.7058823529411765,0
2024-04-28,AFC Bournemouth,Brighton & Hove Albion FC,3,0,0.4,0.0,2.2,1.4,0.8000000000000003,0.35294117647058826,1
2024-04-28,Tottenham Hotspur FC,Arsenal FC,2,3,0.4,0.0,2.2,3.2,-1.0,0.75,0
2024-04-28,Nottingham Forest FC,Manchester City FC,0,2,0.2,0.0,1.6,2.6,-1.0,0.29411764705882354,0
2024-05-02,Chelsea FC,Tottenham Hotspur FC,2,0,0.4,1.0,3.4,1.4,2.0,0.5,1
2024-05-03,Luton Town FC,Everton FC,1,1,0.2,1.0,1.4,0.6,0.7999999999999999,0.23529411764705882,0
2024-05-04,Manchester City FC,Wolverhampton Wanderers FC,5,1,1.0,0.0,2.6,1.0,1.6,0.7058823529411765,1
2024-05-04,Burnley FC,Newcastle United FC,1,4,0.2,0.0,0.8,1.4,-0.5999999999999999,0.11764705882352941,0
2024-05-04,Sheffield United FC,Nottingham Forest FC,1,3,0.0,0.0,1.2,0.8,0.3999999999999999,0.11764705882352941,0
2024-05-04,Arsenal FC,AFC Bournemouth,3,0,0.8,1.0,2.6,1.4,1.2000000000000002,0.7647058823529411,1
2024-05-04,Brentford FC,Fulham FC,0,0,0.4,1.0,1.2,1.8,-0.6000000000000001,0.29411764705882354,0
2024-05-05,Brighton & Hove Albion FC,Aston Villa FC,1,0,0.0,0.0,1.2,1.8,-0.6000000000000001,0.4375,1
2024-05-05,Chelsea FC,West Ham United FC,5,0,0.4,0.0,3.4,2.0,1.4,0.5294117647058824,1
2024-05-05,Liverpool FC,Tottenham Hotspur FC,4,2,0.2,0.0,2.0,1.0,1.0,0.7647058823529411,1
2024-05-06,Crystal Palace FC,Manchester United FC,4,0,0.6,1.0,2.6,1.8,0.8,0.35294117647058826,1
2024-05-11,Everton FC,Sheffield United FC,1,0,0.6,0.0,1.4,1.2,0.19999999999999996,0.3888888888888889,1
2024-05-11,Fulham FC,Manchester City FC,0,4,0.2,0.0,1.6,2.4,-0.7999999999999998,0.5,0
2024-05-11,AFC Bournemouth,Brentford FC,1,2,0.4,0.0,2.4,2.0,0.3999999999999999,0.3888888888888889,0
2024-05-11,Newcastle United FC,Brighton & Hove Albion FC,1,1,0.8,0.0,3.4,0.4,3.0,0.6666666666666666,0
2024-05-11,Tottenham Hotspur FC,Burnley FC,2,1,0.2,1.0,2.2,1.8,0.40000000000000013,0.7058823529411765,1
2024-05-11,West Ham United FC,Luton Town FC,3,1,0.2,1.0,1.2,1.2,0.0,0.3333333333333333,1
2024-05-11,Wolverhampton Wanderers FC,Crystal Palace FC,1,3,0.2,0.0,1.0,0.8,0.19999999999999996,0.4444444444444444,0
2024-05-11,Nottingham Forest FC,Chelsea FC,2,3,0.2,1.0,1.2,1.4,-0.19999999999999996,0.2777777777777778,0
2024-05-12,Manchester United FC,Arsenal FC,0,1,0.2,0.0,2.0,2.8,-0.7999999999999998,0.5294117647058824,0
2024-05-13,Aston Villa FC,Liverpool FC,3,3,0.4,0.0,2.0,1.6,0.3999999999999999,0.6666666666666666,0
2024-05-14,Tottenham Hotspur FC,Manchester City FC,0,2,0.2,0.0,2.4,3.0,-0.6000000000000001,0.7222222222222222,0
2024-05-15,Manchester United FC,Newcastle United FC,3,2,0.2,0.0,1.8,1.6,0.19999999999999996,0.5,1
2024-05-15,Brighton & Hove Albion FC,Chelsea FC,1,2,0.2,0.0,0.6,1.8,-1.2000000000000002,0.47058823529411764,0
2024-05-19,Arsenal FC,Everton FC,2,1,1.0,1.0,2.4,0.6,1.7999999999999998,0.7777777777777778,1
2024-05-19,Brentford FC,Newcastle United FC,2,4,0.6,0.0,1.0,1.8,-0.8,0.2777777777777778,0
2024-05-19,Brighton & Hove Albion FC,Manchester United FC,0,2,0.2,1.0,0.6,1.4,-0.7999999999999999,0.4444444444444444,0
2024-05-19,Burnley FC,Nottingham Forest FC,1,2,0.2,0.0,1.0,1.0,0.0,0.1111111111111111,0
2024-05-19,Chelsea FC,AFC Bournemouth,2,1,0.8,0.0,3.8,1.0,2.8,0.5555555555555556,1
2024-05-19,Crystal Palace FC,Aston Villa FC,5,0,0.8,0.0,2.8,1.4,1.4,0.3888888888888889,1
2024-05-19,Liverpool FC,Wolverhampton Wanderers FC,2,0,0.4,1.0,2.0,0.8,1.2,0.7777777777777778,1
2024-05-19,Luton Town FC,Fulham FC,2,4,0.0,0.0,1.4,1.4,0.0,0.2222222222222222,0
2024-05-19,Manchester City FC,West Ham United FC,3,1,1.0,1.0,3.4,2.0,1.4,0.7222222222222222,1
2024-05-19,Sheffield United FC,Tottenham Hotspur FC,0,3,0.0,0.0,1.4,0.6,0.7999999999999999,0.1111111111111111,0
2024-08-16,Manchester United FC,Fulham FC,1,0,0.4,0.5,2.0,2.0,0.0,0.5263157894736842,1
2024-08-17,Nottingham Forest FC,AFC Bournemouth,1,1,0.4,0.0,1.6,0.8,0.8,0.2631578947368421,0
2024-08-17,West Ham United FC,Aston Villa FC,1,2,0.2,0.0,1.4,0.8,0.5999999999999999,0.3684210526315789,0
2024-08-17,Newcastle United FC,Southampton FC,1,0,0.6,0.5,3.0,1.3869158878504673,1.6130841121495327,0.631578947368421,1
2024-08-17,Arsenal FC,Wolverhampton Wanderers FC,2,0,1.0,1.0,2.4,0.8,1.5999999999999999,0.7894736842105263,1
2024-08-17,Ipswich Town FC,Liverpool FC,0,2,0.42990654205607476,0.5,1.6130841121495327,2.0,-0.38691588785046727,0.42990654205607476,0
2024-08-17,Everton FC,Brighton & Hove Albion FC,0,3,0.6,0.0,1.4,0.6,0.7999999999999999,0.42105263157894735,0
2024-08-18,Brentford FC,Crystal Palace FC,2,1,0.4,0.0,1.0,1.2,-0.19999999999999996,0.2631578947368421,1
2024-08-18,Chelsea FC,Manchester City FC,0,2,1.0,0.0,3.8,3.2,0.5999999999999996,0.5789473684210527,0
2024-08-19,Leicester City FC,Tottenham Hotspur FC,1,1,0.42990654205607476,0.5,1.6130841121495327,1.2,0.4130841121495328,0.42990654205607476,0
2024-08-24,Brighton & Hove Albion FC,Manchester United FC,2,1,0.4,0.5,0.4,1.6,-1.2000000000000002,0.42105263157894735,1
2024-08-24,Crystal Palace FC,West Ham United FC,0,2,0.6,0.5,3.6,1.6,2.0,0.42105263157894735,0
2024-08-24,Fulham FC,Leicester City FC,2,1,0.2,0.5,1.0,1.3869158878504673,-0.38691588785046727,0.47368421052631576,1
2024-08-24,Manchester City FC,Ipswich Town FC,4,1,1.0,0.5,3.4,1.3869158878504673,2.0130841121495324,0.7368421052631579,1
2024-08-24,Southampton FC,Nottingham Forest FC,0,1,0.0,0.5,1.6130841121495327,1.4,0.21308411214953282,0.42990654205607476,0
2024-08-24,Tottenham Hotspur FC,Everton FC,4,0,0.4,0.5,1.8,0.8,1.0,0.6842105263157895,1
2024-08-24,Aston Villa FC,Arsenal FC,0,2,0.2,1.0,2.6,1.8,0.8,0.631578947368421,0
2024-08-25,Wolverhampton Wanderers FC,Chelsea FC,2,6,0.2,1.0,0.8,1.8,-1.0,0.42105263157894735,0
2024-08-25,AFC Bournemouth,Newcastle United FC,1,1,0.2,0.5,1.8,2.2,-0.40000000000000013,0.3684210526315789,0
2024-08-25,Liverpool FC,Brentford FC,2,0,0.6,1.0,2.2,2.2,0.0,0.7894736842105263,1
2024-08-31,Nottingham Forest FC,Wolverhampton Wanderers FC,1,1,0.6,0.0,1.6,0.8,0.8,0.25,0
2024-08-31,West Ham United FC,Manchester City FC,1,3,0.4,0.0,1.4,2.8,-1.4,0.35,0
2024-08-31,Leicester City FC,Aston Villa FC,1,2,0.0,0.5,1.0,1.0,0.0,0.0,0
2024-08-31,Brentford FC,Southampton FC,3,1,0.4,0.5,1.2,0.0,1.2,0.3,1
2024-08-31,Everton FC,AFC Bournemouth,2,3,0.2,0.5,1.2,0.8,0.3999999999999999,0.4,0
2024-08-31,Ipswich Town FC,Fulham FC,1,1,0.0,0.5,0.0,1.4,-1.4,0.0,0
2024-08-31,Arsenal FC,Brighton & Hove Albion FC,1,1,1.0,1.0,2.4,1.0,1.4,0.8,0
2024-09-01,Chelsea FC,Crystal Palace FC,1,1,0.8,1.0,3.0,1.2,1.8,0.55,0
2024-09-01,Newcastle United FC,Tottenham Hotspur FC,2,1,0.4,0.5,2.4,1.2,1.2,0.65,1
2024-09-01,Manchester United FC,Liverpool FC,0,3,0.6,0.0,1.8,2.0,-0.19999999999999996,0.55,0
2024-09-14,Southampton FC,Manchester United FC,0,3,0.0,0.5,0.0,1.6,-1.6,0.0,0
2024-09-14,Brighton & Hove Albion FC,Ipswich Town FC,0,0,0.4,0.5,0.8,1.0,-0.19999999999999996,0.45,0
2024-09-14,Crystal Palace FC,Leicester City FC,2,2,0.4,0.5,3.2,1.0,2.2,0.4,0
2024-09-14,Fulham FC,West Ham United FC,1,1,0.4,1.0,0.8,1.4,-0.5999999999999999,0.5,0
2024-09-14,Liverpool FC,Nottingham Forest FC,0,1,0.8,1.0,2.2,1.4,0.8000000000000003,0.8,0
2024-09-14,Manchester City FC,Brentford FC,2,1,1.0,1.0,4.2,2.0,2.2,0.75,1
2024-09-14,Aston Villa FC,Everton FC,3,2,0.4,0.5,2.2,0.6,1.6,0.6,1
2024-09-14,AFC Bournemouth,Chelsea FC,0,1,0.2,0.0,1.6,2.6,-1.0,0.35,0
2024-09-15,Wolverhampton Wanderers FC,Newcastle United FC,1,2,0.0,0.0,1.0,2.2,-1.2000000000000002,0.4,0
2024-09-15,Tottenham Hotspur FC,Arsenal FC,0,1,0.4,0.0,2.2,2.2,0.0,0.7,0
2024-09-21,West Ham United FC,Chelsea FC,0,3,0.2,0.5,1.4,2.8,-1.4,0.3333333333333333,0
2024-09-21,Aston Villa FC,Wolverhampton Wanderers FC,3,1,0.6,0.5,2.2,0.8,1.4000000000000001,0.6190476190476191,1
2024-09-21,Fulham FC,Newcastle United FC,3,1,0.4,0.0,1.0,2.6,-1.6,0.47619047619047616,1
2024-09-21,Leicester City FC,Everton FC,1,1,0.0,0.5,1.0,0.8,0.19999999999999996,0.0,0
2024-09-21,Liverpool FC,AFC Bournemouth,3,0,0.8,1.0,1.6,1.2,0.40000000000000013,0.7619047619047619,1
2024-09-21,Southampton FC,Ipswich Town FC,1,1,0.0,0.5,0.0,0.5,-0.5,0.0,0
2024-09-21,Tottenham Hotspur FC,Brentford FC,3,1,0.4,0.5,1.6,1.6,0.0,0.6666666666666666,1
2024-09-21,Crystal Palace FC,Manchester United FC,0,0,0.2,1.0,2.6,1.6,1.0,0.38095238095238093,0
2024-09-22,Brighton & Hove Albion FC,Nottingham Forest FC,2,2,0.4,1.0,0.8,1.4,-0.5999999999999999,0.42857142857142855,0
2024-09-22,Manchester City FC,Arsenal FC,2,2,1.0,0.0,3.8,1.8,1.9999999999999998,0.7619047619047619,0
2024-09-28,Wolverhampton Wanderers FC,Liverpool FC,1,2,0.0,0.0,1.2,2.0,-0.8,0.38095238095238093,0
2024-09-28,Everton FC,Crystal Palace FC,2,1,0.0,0.5,1.2,1.4,-0.19999999999999996,0.38095238095238093,1
2024-09-28,Chelsea FC,Brighton & Hove Albion FC,4,2,0.6,1.0,2.0,1.2,0.8,0.5238095238095238,1
2024-09-28,Nottingham Forest FC,Fulham FC,0,1,0.4,0.5,1.2,1.4,-0.19999999999999996,0.23809523809523808,0
2024-09-28,Arsenal FC,Leicester City FC,4,2,0.6,0.5,2.6,1.5,1.1,0.7619047619047619,1
2024-09-28,Brentford FC,West Ham United FC,1,1,0.4,0.5,1.8,1.2,0.6000000000000001,0.3333333333333333,0
2024-09-28,Newcastle United FC,Manchester City FC,1,1,0.6,0.0,2.6,2.6,0.0,0.6666666666666666,0
2024-09-29,Ipswich Town FC,Aston Villa FC,2,2,0.0,0.5,0.5,1.2,-0.7,0.0,0
2024-09-29,Manchester United FC,Tottenham Hotspur FC,0,3,0.4,0.0,1.0,1.4,-0.3999999999999999,0.5238095238095238,0
2024-09-30,AFC Bournemouth,Southampton FC,3,1,0.2,0.5,1.4,0.5,0.8999999999999999,0.3333333333333333,1
2024-10-05,Everton FC,Newcastle United FC,0,0,0.2,0.5,1.2,2.0,-0.8,0.4090909090909091,0
2024-10-05,West Ham United FC,Ipswich Town FC,4,1,0.2,0.5,1.4,0.6666666666666666,0.7333333333333333,0.3181818181818182,1
2024-10-05,Manchester City FC,Fulham FC,3,2,0.6,1.0,3.2,1.2,2.0,0.7272727272727273,1
2024-10-05,Leicester City FC,AFC Bournemouth,1,0,0.0,0.5,1.0,1.0,0.0,0.0,1
2024-10-05,Brentford FC,Wolverhampton Wanderers FC,5,3,0.2,0.5,1.6,0.6,1.0,0.3181818181818182,1
2024-10-05,Arsenal FC,Southampton FC,3,1,0.6,0.5,2.4,0.6666666666666666,1.7333333333333334,0.7727272727272727,1
2024-10-05,Crystal Palace FC,Liverpool FC,0,1,0.0,0.5,2.2,2.4,-0.19999999999999973,0.36363636363636365,0
2024-10-06,Aston Villa FC,Manchester United FC,0,0,0.6,0.0,2.2,1.2,1.0000000000000002,0.6363636363636364,0
2024-10-06,Chelsea FC,Nottingham Forest FC,1,1,0.8,0.5,2.4,1.8,0.5999999999999999,0.5454545454545454,0
2024-10-06,Brighton & Hove Albion FC,Tottenham Hotspur FC,3,2,0.2,0.5,1.0,2.0,-1.0,0.4090909090909091,1
2024-10-19,AFC Bournemouth,Arsenal FC,2,0,0.4,0.0,1.6,1.8,-0.19999999999999996,0.36363636363636365,1
2024-10-19,Southampton FC,Leicester City FC,2,3,0.0,0.5,0.3333333333333333,1.6666666666666667,-1.3333333333333335,0.0,0
2024-10-19,Newcastle United FC,Brighton & Hove Albion FC,0,1,0.4,0.0,2.0,1.4,0.6000000000000001,0.6363636363636364,0
2024-10-19,Tottenham Hotspur FC,West Ham United FC,4,1,0.4,0.0,1.8,1.0,0.8,0.6818181818181818,1
2024-10-19,Ipswich Town FC,Everton FC,0,2,0.0,0.5,1.0,1.0,0.0,0.0,0
2024-10-19,Fulham FC,Aston Villa FC,1,3,0.4,0.0,1.4,1.2,0.19999999999999996,0.5,0
2024-10-19,Manchester United FC,Brentford FC,2,1,0.2,0.5,0.8,0.8,0.0,0.5,1
2024-10-20,Wolverhampton Wanderers FC,Manchester City FC,1,2,0.0,0.5,1.4,2.4,-1.0,0.36363636363636365,0
2024-10-20,Liverpool FC,Chelsea FC,2,1,0.8,0.5,2.2,3.0,-0.7999999999999998,0.7727272727272727,1
2024-10-21,Nottingham Forest FC,Crystal Palace FC,1,0,0.2,0.0,0.8,1.4,-0.5999999999999999,0.22727272727272727,1
2024-10-25,Leicester City FC,Nottingham Forest FC,1,3,0.4,0.5,1.0,1.4,-0.3999999999999999,0.25,0
2024-10-26,Everton FC,Fulham FC,1,1,0.4,0.0,1.0,1.6,-0.6000000000000001,0.391304347826087,0
2024-10-26,Aston Villa FC,AFC Bournemouth,1,1,0.6,0.5,1.8,1.0,0.8,0.6086956521739131,0
2024-10-26,Brentford FC,Ipswich Town FC,4,3,0.2,0.5,2.6,0.75,1.85,0.34782608695652173,1
2024-10-26,Brighton & Hove Albion FC,Wolverhampton Wanderers FC,2,2,0.4,0.5,1.4,1.0,0.3999999999999999,0.43478260869565216,0
2024-10-26,Manchester City FC,Southampton FC,1,0,0.6,0.5,2.8,0.75,2.05,0.7391304347826086,1
2024-10-27,West Ham United FC,Manchester United FC,2,1,0.2,0.5,1.8,1.2,0.6000000000000001,0.34782608695652173,1
2024-10-27,Arsenal FC,Liverpool FC,2,2,0.6,0.5,2.4,2.2,0.19999999999999973,0.782608695652174,0
2024-10-27,Chelsea FC,Newcastle United FC,2,1,0.6,0.5,1.6,1.6,0.0,0.5217391304347826,1
2024-10-27,Crystal Palace FC,Tottenham Hotspur FC,1,0,0.0,0.0,1.4,2.0,-0.6000000000000001,0.34782608695652173,1
2024-11-02,Newcastle United FC,Arsenal FC,1,0,0.0,0.5,1.0,1.2,-0.19999999999999996,0.6086956521739131,1
2024-11-02,AFC Bournemouth,Manchester City FC,2,1,0.4,0.0,1.4,2.0,-0.6000000000000001,0.391304347826087,1
2024-11-02,Ipswich Town FC,Leicester City FC,1,1,0.0,0.5,0.75,2.0,-1.25,0.0,0
2024-11-02,Liverpool FC,Brighton & Hove Albion FC,2,1,0.8,0.5,1.8,1.6,0.19999999999999996,0.782608695652174,1
2024-11-02,Nottingham Forest FC,West Ham United FC,3,0,0.4,0.5,1.0,1.2,-0.19999999999999996,0.2608695652173913,1
2024-11-02,Southampton FC,Everton FC,1,0,0.0,0.5,0.75,1.2,-0.44999999999999996,0.0,1
2024-11-02,Wolverhampton Wanderers FC,Crystal Palace FC,2,2,0.0,0.0,1.2,1.2,0.0,0.34782608695652173,0
2024-11-03,Tottenham Hotspur FC,Aston Villa FC,4,1,0.6,0.5,2.2,1.8,0.40000000000000013,0.6956521739130435,1
2024-11-03,Manchester United FC,Chelsea FC,1,1,0.2,0.5,1.2,2.6,-1.4000000000000001,0.5217391304347826,0
2024-11-04,Fulham FC,Brentford FC,2,1,0.4,0.0,1.4,1.0,0.3999999999999999,0.4782608695652174,1
2024-11-09,Brighton & Hove Albion FC,Manchester City FC,2,1,0.4,0.0,1.8,1.8,0.0,0.4166666666666667,1
2024-11-09,Wolverhampton Wanderers FC,Southampton FC,2,0,0.0,0.5,1.4,0.6,0.7999999999999999,0.3333333333333333,1
2024-11-09,Liverpool FC,Aston Villa FC,2,0,0.8,0.5,1.8,2.0,-0.19999999999999996,0.7916666666666666,1
2024-11-09,Crystal Palace FC,Fulham FC,0,2,0.2,0.0,0.6,1.0,-0.4,0.375,0
2024-11-09,Brentford FC,AFC Bournemouth,3,2,0.4,0.5,3.0,1.0,2.0,0.375,1
2024-11-09,West Ham United FC,Everton FC,0,0,0.4,0.5,1.6,1.0,0.6000000000000001,0.375,0
2024-11-10,Manchester United FC,Leicester City FC,3,0,0.2,0.5,0.8,1.8,-1.0,0.5,1
2024-11-10,Nottingham Forest FC,Newcastle United FC,1,3,0.6,0.5,1.2,1.0,0.19999999999999996,0.2916666666666667,0
2024-11-10,Tottenham Hotspur FC,Ipswich Town FC,1,2,0.6,0.5,3.0,1.2,1.8,0.7083333333333334,0
2024-11-10,Chelsea FC,Arsenal FC,1,1,0.4,0.0,1.6,1.0,0.6000000000000001,0.5416666666666666,0
2024-11-23,Manchester City FC,Tottenham Hotspur FC,0,4,0.6,0.5,2.4,1.4,1.0,0.75,0
2024-11-23,Fulham FC,Wolverhampton Wanderers FC,1,4,0.4,0.5,1.8,1.4,0.40000000000000013,0.5,0
2024-11-23,Everton FC,Brentford FC,0,0,0.2,1.0,1.0,0.8,0.19999999999999996,0.375,0
2024-11-23,Arsenal FC,Nottingham Forest FC,3,0,0.2,1.0,2.4,1.6,0.7999999999999998,0.75,1
2024-11-23,AFC Bournemouth,Brighton & Hove Albion FC,1,2,0.4,0.5,1.6,1.6,0.0,0.4166666666666667,0
2024-11-23,Leicester City FC,Chelsea FC,1,2,0.4,0.5,1.0,2.4,-1.4,0.2,0
2024-11-23,Aston Villa FC,Crystal Palace FC,2,2,0.2,0.5,1.4,1.0,0.3999999999999999,0.5833333333333334,0
2024-11-24,Southampton FC,Liverpool FC,2,3,0.2,0.5,0.8,2.0,-1.2,0.2,0
2024-11-24,Ipswich Town FC,Manchester United FC,1,1,0.2,0.5,0.8,1.0,-0.19999999999999996,0.0,0
2024-11-25,Newcastle United FC,West Ham United FC,0,2,0.4,0.5,1.0,1.0,0.0,0.625,0
2024-11-29,Brighton & Hove Albion FC,Southampton FC,1,1,0.6,0.5,1.8,0.6,1.2000000000000002,0.44,0
2024-11-30,West Ham United FC,Arsenal FC,2,5,0.4,0.5,1.4,0.8,0.5999999999999999,0.36,0
2024-11-30,Wolverhampton Wanderers FC,AFC Bournemouth,2,4,0.4,0.5,1.4,1.2,0.19999999999999996,0.36,0
2024-11-30,Brentford FC,Leicester City FC,4,1,0.4,0.5,3.2,1.6,1.6,0.4,1
2024-11-30,Crystal Palace FC,Newcastle United FC,1,1,0.2,0.5,0.6,1.4,-0.7999999999999999,0.36,0
2024-11-30,Nottingham Forest FC,Ipswich Town FC,1,0,0.6,0.5,1.2,1.4,-0.19999999999999996,0.28,1
2024-12-01,Chelsea FC,Aston Villa FC,3,0,0.4,0.0,1.8,1.6,0.19999999999999996,0.52,1
2024-12-01,Manchester United FC,Everton FC,4,0,0.4,1.0,1.2,1.0,0.19999999999999996,0.52,1
2024-12-01,Tottenham Hotspur FC,Fulham FC,1,1,0.6,0.5,2.4,1.4,1.0,0.68,0
2024-12-01,Liverpool FC,Manchester City FC,2,0,0.8,0.0,1.8,1.6,0.19999999999999996,0.8,1
2024-12-03,Ipswich Town FC,Crystal Palace FC,0,1,0.2,0.5,1.0,1.2,-0.19999999999999996,0.0,0
2024-12-03,Leicester City FC,West Ham United FC,3,1,0.0,0.5,1.0,1.0,0.0,0.16666666666666666,1
2024-12-04,Everton FC,Wolverhampton Wanderers FC,4,0,0.0,0.0,1.0,2.2,-1.2000000000000002,0.36,1
2024-12-04,Manchester City FC,Nottingham Forest FC,3,0,0.2,1.0,1.6,1.4,0.20000000000000018,0.72,1
2024-12-04,Newcastle United FC,Liverpool FC,3,3,0.4,0.0,0.8,2.2,-1.4000000000000001,0.6,0
2024-12-04,Southampton FC,Chelsea FC,1,5,0.2,0.5,1.2,1.6,-0.40000000000000013,0.16666666666666666,0
2024-12-04,Arsenal FC,Manchester United FC,2,0,0.4,1.0,2.6,1.0,1.6,0.76,1
2024-12-04,Aston Villa FC,Brentford FC,3,1,0.0,0.5,1.8,0.8,1.0,0.56,1
2024-12-05,AFC Bournemouth,Tottenham Hotspur FC,1,0,0.4,0.0,1.6,2.0,-0.3999999999999999,0.4,1
2024-12-05,Fulham FC,Brighton & Hove Albion FC,3,1,0.4,0.5,1.6,1.4,0.20000000000000018,0.48,1
2024-12-07,Aston Villa FC,Southampton FC,1,0,0.2,0.5,1.8,0.6,1.2000000000000002,0.5769230769230769,1
2024-12-07,Brentford FC,Newcastle United FC,4,2,0.4,0.0,3.4,1.2,2.2,0.4230769230769231,1
2024-12-07,Crystal Palace FC,Manchester City FC,2,2,0.2,0.0,0.4,1.0,-0.6,0.34615384615384615,0
2024-12-07,Manchester United FC,Nottingham Forest FC,2,3,0.4,0.5,2.0,1.2,0.8,0.5384615384615384,0
2024-12-08,Tottenham Hotspur FC,Chelsea FC,3,4,0.4,0.0,2.6,2.4,0.20000000000000018,0.6538461538461539,0
2024-12-08,Fulham FC,Arsenal FC,1,1,0.6,0.5,2.0,1.6,0.3999999999999999,0.5,0
2024-12-08,Ipswich Town FC,AFC Bournemouth,1,2,0.2,0.5,0.8,1.4,-0.5999999999999999,0.0,0
2024-12-08,Leicester City FC,Brighton & Hove Albion FC,2,2,0.2,0.5,1.4,1.4,0.0,0.2857142857142857,0
2024-12-09,West Ham United FC,Wolverhampton Wanderers FC,2,1,0.2,1.0,1.6,2.0,-0.3999999999999999,0.34615384615384615,1
2024-12-14,Arsenal FC,Everton FC,0,0,0.6,1.0,2.8,0.6,2.1999999999999997,0.7692307692307693,0
2024-12-14,Liverpool FC,Fulham FC,2,2,0.8,1.0,2.2,1.4,0.8000000000000003,0.8076923076923077,0
2024-12-14,Newcastle United FC,Leicester City FC,4,0,0.2,0.5,1.0,1.4,-0.3999999999999999,0.5769230769230769,1
2024-12-14,Wolverhampton Wanderers FC,Ipswich Town FC,1,2,0.4,0.5,1.6,1.4,0.20000000000000018,0.34615384615384615,0
2024-12-14,Nottingham Forest FC,Aston Villa FC,2,1,0.4,0.5,1.2,1.2,0.0,0.3076923076923077,1
2024-12-15,Southampton FC,Tottenham Hotspur FC,0,5,0.0,0.5,1.4,1.8,-0.40000000000000013,0.14285714285714285,0
2024-12-15,Chelsea FC,Brentford FC,2,1,0.8,0.0,2.2,0.8,1.4000000000000001,0.5384615384615384,1
2024-12-15,Brighton & Hove Albion FC,Crystal Palace FC,1,3,0.4,0.5,2.0,1.2,0.8,0.4230769230769231,0
2024-12-15,Manchester City FC,Manchester United FC,1,2,0.2,1.0,1.8,0.4,1.4,0.7307692307692307,0
2024-12-16,AFC Bournemouth,West Ham United FC,1,1,0.6,0.0,1.8,1.0,0.8,0.4230769230769231,0
2024-12-21,Aston Villa FC,Manchester City FC,2,1,0.4,0.5,1.4,1.2,0.19999999999999996,0.5925925925925926,1
2024-12-21,Brentford FC,Nottingham Forest FC,0,2,0.4,0.5,4.0,1.4,2.6,0.4444444444444444,0
2024-12-21,Ipswich Town FC,Newcastle United FC,0,4,0.2,0.5,0.6,1.4,-0.7999999999999999,0.0,0
2024-12-21,West Ham United FC,Brighton & Hove Albion FC,1,1,0.4,0.5,2.0,1.4,0.6000000000000001,0.37037037037037035,0
2024-12-21,Crystal Palace FC,Arsenal FC,1,5,0.4,0.0,0.8,1.4,-0.5999999999999999,0.3333333333333333,0
2024-12-22,Everton FC,Chelsea FC,0,0,0.2,0.5,1.4,2.6,-1.2000000000000002,0.38461538461538464,0
2024-12-22,Fulham FC,Southampton FC,0,0,0.2,0.5,1.6,0.4,1.2000000000000002,0.48148148148148145,0
2024-12-22,Leicester City FC,Wolverhampton Wanderers FC,0,3,0.2,0.5,1.6,2.0,-0.3999999999999999,0.25,0
2024-12-22,Manchester United FC,AFC Bournemouth,0,3,0.4,0.0,2.4,1.8,0.5999999999999999,0.5185185185185185,0
2024-12-22,Tottenham Hotspur FC,Liverpool FC,3,6,0.4,0.5,2.6,2.2,0.3999999999999999,0.6296296296296297,0
2024-12-26,Liverpool FC,Leicester City FC,3,1,0.6,0.5,2.0,1.0,1.0,0.7777777777777778,1
2024-12-26,Wolverhampton Wanderers FC,Manchester United FC,2,0,0.2,0.0,1.6,0.8,0.8,0.3333333333333333,1
2024-12-26,Southampton FC,West Ham United FC,0,1,0.0,0.5,1.2,1.0,0.19999999999999996,0.125,0
2024-12-26,Nottingham Forest FC,Tottenham Hotspur FC,1,0,0.8,0.0,1.6,2.2,-0.6000000000000001,0.3333333333333333,1
2024-12-26,Newcastle United FC,Aston Villa FC,3,0,0.4,1.0,1.6,1.0,0.6000000000000001,0.5925925925925926,1
2024-12-26,Chelsea FC,Fulham FC,1,2,0.8,1.0,1.8,1.6,0.19999999999999996,0.5555555555555556,0
2024-12-26,AFC Bournemouth,Crystal Palace FC,0,0,0.8,1.0,1.4,1.6,-0.20000000000000018,0.4074074074074074,0
2024-12-26,Manchester City FC,Everton FC,1,1,0.2,1.0,1.6,0.4,1.2000000000000002,0.7037037037037037,0
2024-12-27,Brighton & Hove Albion FC,Brentford FC,0,0,0.0,0.5,1.8,0.8,1.0,0.4074074074074074,0
2024-12-27,Arsenal FC,Ipswich Town FC,1,0,0.6,0.5,2.0,1.6,0.3999999999999999,0.7407407407407407,1
2024-12-29,Leicester City FC,Manchester City FC,0,2,0.2,0.5,1.4,1.0,0.3999999999999999,0.2222222222222222,0
2024-12-29,Crystal Palace FC,Southampton FC,2,1,0.4,0.5,1.0,0.2,0.8,0.32142857142857145,1
2024-12-29,Everton FC,Nottingham Forest FC,0,2,0.2,1.0,1.0,1.6,-0.6000000000000001,0.37037037037037035,0
2024-12-29,Fulham FC,AFC Bournemouth,2,2,0.4,0.5,1.4,2.4,-1.0,0.4642857142857143,0
2024-12-29,Tottenham Hotspur FC,Wolverhampton Wanderers FC,2,2,0.2,0.0,2.4,2.0,0.3999999999999999,0.6071428571428571,0
2024-12-29,West Ham United FC,Liverpool FC,0,5,0.4,0.0,1.4,3.0,-1.6,0.35714285714285715,0
2024-12-30,Aston Villa FC,Brighton & Hove Albion FC,2,2,0.6,0.5,1.8,1.4,0.40000000000000013,0.6071428571428571,0
2024-12-30,Ipswich Town FC,Chelsea FC,2,0,0.2,0.5,0.6,2.4,-1.7999999999999998,0.0,1
2024-12-30,Manchester United FC,Newcastle United FC,0,2,0.2,0.5,2.0,2.2,-0.20000000000000018,0.5,0
2025-01-01,Brentford FC,Arsenal FC,1,3,0.2,0.0,3.0,2.4,0.6000000000000001,0.42857142857142855,0
2025-01-04,Tottenham Hotspur FC,Newcastle United FC,1,2,0.2,0.3333333333333333,2.0,2.4,-0.3999999999999999,0.5862068965517241,0
2025-01-04,Southampton FC,Brentford FC,0,5,0.0,0.0,0.8,0.6,0.20000000000000007,0.1111111111111111,0
2025-01-04,Crystal Palace FC,Chelsea FC,1,1,0.4,0.0,1.2,2.2,-1.0000000000000002,0.3448275862068966,0
2025-01-04,AFC Bournemouth,Everton FC,1,0,0.4,0.6666666666666666,1.0,0.2,0.8,0.39285714285714285,1
2025-01-04,Aston Villa FC,Leicester City FC,2,1,0.4,1.0,2.0,0.6,1.4,0.5862068965517241,1
2025-01-04,Manchester City FC,West Ham United FC,4,1,0.2,1.0,1.2,1.0,0.19999999999999996,0.6785714285714286,1
2025-01-04,Brighton & Hove Albion FC,Arsenal FC,1,1,0.0,0.0,1.2,3.0,-1.8,0.39285714285714285,0
2025-01-05,Fulham FC,Ipswich Town FC,2,2,0.2,0.0,1.4,1.4,0.0,0.4482758620689655,0
2025-01-05,Liverpool FC,Manchester United FC,2,2,0.6,0.3333333333333333,2.2,0.8,1.4000000000000001,0.7857142857142857,0
2025-01-06,Wolverhampton Wanderers FC,Nottingham Forest FC,0,3,0.4,0.0,1.8,1.4,0.40000000000000013,0.35714285714285715,0
2025-01-14,West Ham United FC,Fulham FC,3,2,0.2,0.0,1.0,1.6,-0.6000000000000001,0.3448275862068966,1
2025-01-14,Brentford FC,Manchester City FC,2,2,0.2,0.0,2.4,1.2,1.2,0.41379310344827586,0
2025-01-14,Chelsea FC,AFC Bournemouth,2,2,0.2,0.6666666666666666,1.8,2.6,-0.8,0.5357142857142857,0
2025-01-14,Nottingham Forest FC,Liverpool FC,1,1,1.0,0.3333333333333333,1.6,3.8,-2.1999999999999997,0.35714285714285715,0
2025-01-15,Arsenal FC,Tottenham Hotspur FC,2,1,0.6,0.6666666666666666,1.6,1.8,-0.19999999999999996,0.75,1
2025-01-15,Newcastle United FC,Wolverhampton Wanderers FC,3,0,1.0,0.6666666666666666,2.2,2.0,0.20000000000000018,0.6071428571428571,1
2025-01-15,Leicester City FC,Crystal Palace FC,0,2,0.0,0.0,1.2,1.6,-0.40000000000000013,0.2,0
2025-01-15,Everton FC,Aston Villa FC,0,1,0.0,0.0,1.0,0.4,0.6,0.35714285714285715,0
2025-01-16,Ipswich Town FC,Brighton & Hove Albion FC,0,2,0.4,0.0,0.8,1.6,-0.8,0.1,0
2025-01-16,Manchester United FC,Southampton FC,3,1,0.2,1.0,1.8,0.4,1.4,0.4827586206896552,1
2025-01-18,Newcastle United FC,AFC Bournemouth,1,4,1.0,0.0,2.6,2.6,0.0,0.6206896551724138,0
2025-01-18,West Ham United FC,Crystal Palace FC,0,2,0.4,0.3333333333333333,1.6,1.6,0.0,0.36666666666666664,0
2025-01-18,Leicester City FC,Fulham FC,0,2,0.0,0.0,1.0,1.8,-0.8,0.18181818181818182,0
2025-01-18,Brentford FC,Liverpool FC,0,2,0.2,0.0,2.2,3.6,-1.4,0.4,0
2025-01-18,Arsenal FC,Aston Villa FC,2,2,0.8,0.3333333333333333,1.6,0.4,1.2000000000000002,0.7586206896551724,0
2025-01-19,Manchester United FC,Brighton & Hove Albion FC,1,3,0.2,0.3333333333333333,1.8,1.6,0.19999999999999996,0.5,0
2025-01-19,Nottingham Forest FC,Southampton FC,3,2,0.8,1.0,1.2,0.6,0.6,0.3448275862068966,1
2025-01-19,Everton FC,Tottenham Hotspur FC,3,2,0.0,0.0,0.8,2.0,-1.2,0.3448275862068966,1
2025-01-19,Ipswich Town FC,Manchester City FC,0,6,0.2,0.0,0.6,1.4,-0.7999999999999999,0.09090909090909091,0
2025-01-20,Chelsea FC,Wolverhampton Wanderers FC,3,1,0.0,0.3333333333333333,1.8,1.2,0.6000000000000001,0.5172413793103449,1
2025-01-25,Manchester City FC,Chelsea FC,3,1,0.6,0.3333333333333333,1.8,2.0,-0.19999999999999996,0.6896551724137931,1
2025-01-25,Southampton FC,Newcastle United FC,1,3,0.0,0.0,0.6,2.2,-1.6,0.1,0
2025-01-25,AFC Bournemouth,Nottingham Forest FC,5,0,0.4,0.3333333333333333,0.8,2.0,-1.2,0.41379310344827586,1
2025-01-25,Wolverhampton Wanderers FC,Arsenal FC,0,1,0.2,0.0,1.4,3.0,-1.6,0.3448275862068966,0
2025-01-25,Liverpool FC,Ipswich Town FC,4,1,0.6,1.0,2.2,1.2,1.0000000000000002,0.7586206896551724,1
2025-01-25,Brighton & Hove Albion FC,Everton FC,0,1,0.4,0.3333333333333333,1.0,0.2,0.8,0.3793103448275862,0
2025-01-26,Crystal Palace FC,Brentford FC,1,2,0.6,0.3333333333333333,1.4,1.4,0.0,0.3333333333333333,0
2025-01-26,Tottenham Hotspur FC,Leicester City FC,1,2,0.0,0.0,2.0,0.6,1.4,0.5666666666666667,0
2025-01-26,Aston Villa FC,West Ham United FC,1,1,0.4,0.6666666666666666,2.0,1.2,0.8,0.6,0
2025-01-26,Fulham FC,Manchester United FC,0,1,0.4,0.3333333333333333,1.6,1.0,0.6000000000000001,0.43333333333333335,0
2025-02-01,Nottingham Forest FC,Brighton & Hove Albion FC,7,0,0.6,0.0,1.6,2.0,-0.3999999999999999,0.36666666666666664,1
2025-02-01,Newcastle United FC,Fulham FC,1,2,0.8,0.6666666666666666,2.8,1.8,0.9999999999999998,0.6,0
2025-02-01,Everton FC,Leicester City FC,4,0,0.4,0.0,1.4,1.0,0.3999999999999999,0.36666666666666664,1
2025-02-01,AFC Bournemouth,Liverpool FC,0,2,0.6,0.0,1.6,3.4,-1.7999999999999998,0.43333333333333335,0
2025-02-01,Ipswich Town FC,Southampton FC,1,2,0.2,0.0,0.6,0.8,-0.20000000000000007,0.08333333333333333,0
2025-02-01,Wolverhampton Wanderers FC,Aston Villa FC,2,0,0.0,0.0,1.0,0.8,0.19999999999999996,0.3333333333333333,1
2025-02-02,Manchester United FC,Crystal Palace FC,0,2,0.4,0.0,1.2,1.6,-0.40000000000000013,0.4838709677419355,0
2025-02-02,Brentford FC,Tottenham Hotspur FC,0,2,0.4,0.0,1.4,1.6,-0.20000000000000018,0.3870967741935484,0
2025-02-02,Arsenal FC,Manchester City FC,5,1,0.6,0.3333333333333333,1.4,2.6,-1.2000000000000002,0.7333333333333333,1
2025-02-03,Chelsea FC,West Ham United FC,2,1,0.2,0.6666666666666666,2.2,1.0,1.2000000000000002,0.5333333333333333,1
2025-02-12,Everton FC,Liverpool FC,2,2,0.6,0.5,1.4,3.2,-1.8000000000000003,0.3870967741935484,0
2025-02-14,Brighton & Hove Albion FC,Chelsea FC,3,0,0.4,0.0,0.6,1.2,-0.6,0.36666666666666664,1
2025-02-15,Leicester City FC,Arsenal FC,0,2,0.2,0.0,0.4,2.2,-1.8000000000000003,0.16666666666666666,0
2025-02-15,Southampton FC,AFC Bournemouth,1,3,0.2,0.0,0.4,2.6,-2.2,0.09090909090909091,0
2025-02-15,West Ham United FC,Brentford FC,0,1,0.2,0.3333333333333333,1.2,1.8,-0.6000000000000001,0.3548387096774194,0
2025-02-15,Aston Villa FC,Ipswich Town FC,1,1,0.4,0.0,1.6,1.0,0.6000000000000001,0.5806451612903226,0
2025-02-15,Manchester City FC,Newcastle United FC,4,0,0.6,0.6666666666666666,2.4,2.6,-0.20000000000000018,0.7,1
2025-02-15,Fulham FC,Nottingham Forest FC,2,1,0.4,0.6666666666666666,1.0,2.0,-1.0,0.41935483870967744,1
2025-02-15,Crystal Palace FC,Everton FC,1,2,0.6,0.0,1.4,0.4,0.9999999999999999,0.3225806451612903,0
2025-02-16,Liverpool FC,Wolverhampton Wanderers FC,2,1,0.6,1.0,2.6,1.4,1.2000000000000002,0.7666666666666667,1
2025-02-16,Tottenham Hotspur FC,Manchester United FC,1,0,0.2,0.6666666666666666,2.0,1.0,1.0,0.5483870967741935,1
2025-02-19,Aston Villa FC,Liverpool FC,2,2,0.2,0.0,1.6,2.4,-0.7999999999999998,0.5625,0
2025-02-21,Leicester City FC,Brentford FC,0,4,0.2,0.0,0.0,1.8,-1.8,0.15384615384615385,0
2025-02-22,Aston Villa FC,Chelsea FC,2,1,0.0,0.3333333333333333,1.6,0.4,1.2000000000000002,0.5454545454545454,1
2025-02-22,Southampton FC,Brighton & Hove Albion FC,0,4,0.2,0.0,0.4,1.6,-1.2000000000000002,0.08333333333333333,0
2025-02-22,AFC Bournemouth,Wolverhampton Wanderers FC,0,1,0.6,0.6666666666666666,1.4,1.4,0.0,0.41935483870967744,0
2025-02-22,Arsenal FC,West Ham United FC,0,1,0.8,0.6666666666666666,2.0,1.0,1.0,0.7419354838709677,0
2025-02-22,Ipswich Town FC,Tottenham Hotspur FC,1,4,0.0,1.0,0.6,2.0,-1.4,0.07692307692307693,0
2025-02-22,Everton FC,Manchester United FC,2,2,0.8,0.0,1.8,1.0,0.8,0.375,0
2025-02-22,Fulham FC,Crystal Palace FC,0,2,0.6,0.3333333333333333,1.2,1.8,-0.6000000000000001,0.4375,0
2025-02-23,Newcastle United FC,Nottingham Forest FC,4,3,0.4,0.6666666666666666,2.4,1.6,0.7999999999999998,0.5806451612903226,1
2025-02-23,Manchester City FC,Liverpool FC,0,2,0.6,0.0,2.6,1.8,0.8,0.7096774193548387,0
2025-02-25,Wolverhampton Wanderers FC,Fulham FC,1,2,0.4,0.6666666666666666,1.0,2.0,-1.0,0.3548387096774194,0
2025-02-25,Chelsea FC,Southampton FC,4,0,0.4,1.0,2.0,1.2,0.8,0.5483870967741935,1
2025-02-25,Brighton & Hove Albion FC,AFC Bournemouth,2,1,0.6,0.6666666666666666,1.0,2.8,-1.7999999999999998,0.3870967741935484,1
2025-02-25,Crystal Palace FC,Aston Villa FC,4,1,0.6,0.3333333333333333,1.2,0.8,0.3999999999999999,0.3125,1
2025-02-26,Nottingham Forest FC,Arsenal FC,0,0,0.4,0.0,2.8,2.4,0.3999999999999999,0.3870967741935484,0
2025-02-26,Brentford FC,Everton FC,1,1,0.6,0.0,0.6,0.8,-0.20000000000000007,0.375,0
2025-02-26,Tottenham Hotspur FC,Manchester City FC,0,1,0.6,0.3333333333333333,1.6,2.4,-0.7999999999999998,0.5625,0
2025-02-26,Manchester United FC,Ipswich Town FC,3,2,0.2,0.0,0.8,1.2,-0.3999999999999999,0.46875,1
2025-02-26,Liverpool FC,Newcastle United FC,2,0,0.6,0.6666666666666666,2.6,2.2,0.3999999999999999,0.7741935483870968,1
2025-02-27,West Ham United FC,Leicester City FC,2,0,0.2,0.0,0.8,0.8,0.0,0.34375,1
2025-03-08,Wolverhampton Wanderers FC,Everton FC,1,1,0.4,0.6666666666666666,1.0,1.0,0.0,0.34375,0
2025-03-08,Brentford FC,Aston Villa FC,0,1,0.6,0.0,0.8,0.8,0.0,0.36363636363636365,0
2025-03-08,Liverpool FC,Southampton FC,3,1,0.6,1.0,2.6,1.2,1.4000000000000001,0.78125,1
2025-03-08,Brighton & Hove Albion FC,Fulham FC,2,1,0.6,0.0,1.2,2.0,-0.8,0.40625,1
2025-03-08,Nottingham Forest FC,Manchester City FC,1,0,0.2,0.0,2.4,2.4,0.0,0.375,1
2025-03-08,Crystal Palace FC,Ipswich Town FC,1,0,0.6,1.0,1.8,1.2,0.6000000000000001,0.3333333333333333,1
2025-03-09,Tottenham Hotspur FC,AFC Bournemouth,2,2,0.6,0.6666666666666666,1.0,2.4,-1.4,0.5454545454545454,0
2025-03-09,Chelsea FC,Leicester City FC,1,0,0.4,1.0,2.4,0.8,1.5999999999999999,0.5625,1
2025-03-09,Manchester United FC,Arsenal FC,1,1,0.4,0.0,1.4,1.4,0.0,0.48484848484848486,0
2025-03-10,West Ham United FC,Newcastle United FC,0,1,0.4,0.3333333333333333,1.0,1.4,-0.3999999999999999,0.36363636363636365,0
2025-03-15,Everton FC,West Ham United FC,1,1,0.2,0.3333333333333333,2.2,1.0,1.2000000000000002,0.36363636363636365,0
2025-03-15,Ipswich Town FC,Nottingham Forest FC,2,4,0.0,0.0,0.8,1.8,-1.0,0.07142857142857142,0
2025-03-15,Manchester City FC,Brighton & Hove Albion FC,2,2,0.4,0.6666666666666666,2.4,2.2,0.19999999999999973,0.6875,0
2025-03-15,Southampton FC,Wolverhampton Wanderers FC,1,2,0.2,0.0,0.4,1.0,-0.6,0.07692307692307693,0
2025-03-15,AFC Bournemouth,Brentford FC,1,2,0.2,0.0,1.2,2.4,-1.2,0.40625,0
2025-03-16,Leicester City FC,Manchester United FC,0,3,0.0,0.0,0.0,1.0,-1.0,0.14285714285714285,0
2025-03-16,Arsenal FC,Chelsea FC,1,0,0.4,0.3333333333333333,2.0,0.6,1.4,0.71875,1
2025-03-16,Fulham FC,Tottenham Hotspur FC,2,0,0.6,0.3333333333333333,1.2,1.8,-0.6000000000000001,0.42424242424242425,1
2025-04-01,Nottingham Forest FC,Manchester United FC,1,0,0.4,0.6666666666666666,2.4,1.6,0.7999999999999998,0.3939393939393939,1
2025-04-01,Wolverhampton Wanderers FC,West Ham United FC,1,0,0.4,0.0,0.8,1.0,-0.19999999999999996,0.3333333333333333,1
2025-04-01,Arsenal FC,Fulham FC,2,1,0.4,0.0,2.0,1.8,0.19999999999999996,0.7272727272727273,1
2025-04-02,AFC Bournemouth,Ipswich Town FC,1,2,0.2,1.0,1.4,1.2,0.19999999999999996,0.3939393939393939,0
2025-04-02,Brighton & Hove Albion FC,Aston Villa FC,0,3,0.8,0.3333333333333333,1.6,1.0,0.6000000000000001,0.42424242424242425,0
2025-04-02,Manchester City FC,Leicester City FC,2,0,0.4,1.0,2.6,0.6,2.0,0.6666666666666666,1
2025-04-02,Newcastle United FC,Brentford FC,2,1,0.4,0.6666666666666666,2.4,2.8,-0.3999999999999999,0.59375,1
2025-04-02,Southampton FC,Crystal Palace FC,1,1,0.0,0.0,0.6,1.6,-1.0,0.07142857142857142,0
2025-04-02,Liverpool FC,Everton FC,1,0,0.8,0.3333333333333333,2.6,1.0,1.6,0.7878787878787878,1
2025-04-03,Chelsea FC,Tottenham Hotspur FC,1,0,0.4,1.0,2.4,1.8,0.5999999999999999,0.5757575757575758,1
2025-04-05,Everton FC,Arsenal FC,1,1,0.0,0.0,2.4,1.0,1.4,0.35294117647058826,0
2025-04-05,Crystal Palace FC,Brighton & Hove Albion FC,2,1,0.6,0.3333333333333333,1.6,2.2,-0.6000000000000001,0.35294117647058826,1
2025-04-05,Ipswich Town FC,Wolverhampton Wanderers FC,1,2,0.2,1.0,0.8,1.0,-0.19999999999999996,0.06666666666666667,0
2025-04-05,West Ham United FC,AFC Bournemouth,2,2,0.4,0.0,1.0,2.4,-1.4,0.35294117647058826,0
2025-04-05,Aston Villa FC,Nottingham Forest FC,2,1,0.6,0.3333333333333333,1.6,2.2,-0.6000000000000001,0.5588235294117647,1
2025-04-06,Manchester United FC,Manchester City FC,0,0,0.4,0.3333333333333333,1.6,2.0,-0.3999999999999999,0.47058823529411764,0
2025-04-06,Tottenham Hotspur FC,Southampton FC,3,1,0.2,1.0,1.0,1.2,-0.19999999999999996,0.5294117647058824,1
2025-04-06,Brentford FC,Chelsea FC,0,0,0.4,0.3333333333333333,0.6,0.6,0.0,0.35294117647058826,0
2025-04-06,Fulham FC,Liverpool FC,3,2,0.4,0.0,1.2,2.0,-0.8,0.4411764705882353,1
2025-04-07,Leicester City FC,Newcastle United FC,0,3,0.0,0.0,0.0,1.2,-1.2,0.13333333333333333,0
2025-04-12,Manchester City FC,Crystal Palace FC,5,2,0.4,0.3333333333333333,2.2,1.8,0.40000000000000013,0.6764705882352942,1
2025-04-12,Brighton & Hove Albion FC,Leicester City FC,2,2,0.4,0.0,1.4,0.4,0.9999999999999999,0.4117647058823529,0
2025-04-12,Nottingham Forest FC,Everton FC,0,1,0.6,0.3333333333333333,2.4,1.0,1.4,0.4117647058823529,0
2025-04-12,Southampton FC,Aston Villa FC,0,3,0.0,0.0,0.8,1.4,-0.5999999999999999,0.06666666666666667,0
2025-04-12,Arsenal FC,Brentford FC,1,1,0.4,1.0,2.0,2.0,0.0,0.7352941176470589,0
2025-04-13,Chelsea FC,Ipswich Town FC,2,2,0.6,0.0,2.2,1.2,1.0000000000000002,0.5882352941176471,0
2025-04-13,Liverpool FC,West Ham United FC,2,1,0.8,0.6666666666666666,2.4,0.8,1.5999999999999999,0.7941176470588235,1
2025-04-13,Wolverhampton Wanderers FC,Tottenham Hotspur FC,4,2,0.6,0.6666666666666666,1.0,1.6,-0.6000000000000001,0.35294117647058826,1
2025-04-13,Newcastle United FC,Manchester United FC,4,1,0.8,0.6666666666666666,2.2,1.2,1.0000000000000002,0.6060606060606061,1
2025-04-14,AFC Bournemouth,Fulham FC,1,0,0.0,0.3333333333333333,1.4,1.6,-0.20000000000000018,0.38235294117647056,1
2025-04-16,Newcastle United FC,Crystal Palace FC,5,0,0.8,0.3333333333333333,2.4,1.8,0.5999999999999999,0.6176470588235294,1
2025-04-19,Aston Villa FC,Newcastle United FC,4,1,0.8,0.0,1.6,1.4,0.20000000000000018,0.5714285714285714,1
2025-04-19,Everton FC,Manchester City FC,0,2,0.2,0.0,2.0,1.6,0.3999999999999999,0.34285714285714286,0
2025-04-19,West Ham United FC,Southampton FC,1,1,0.0,1.0,0.8,1.2,-0.3999999999999999,0.34285714285714286,0
2025-04-19,Brentford FC,Brighton & Hove Albion FC,4,2,0.2,0.0,0.2,2.0,-1.8,0.34285714285714286,1
2025-04-19,Crystal Palace FC,AFC Bournemouth,0,0,0.4,0.0,1.8,2.4,-0.5999999999999999,0.37142857142857144,0
2025-04-20,Fulham FC,Chelsea FC,1,2,0.4,0.3333333333333333,1.4,0.4,0.9999999999999999,0.45714285714285713,0
2025-04-20,Ipswich Town FC,Arsenal FC,0,4,0.2,0.0,1.0,1.0,0.0,0.0625,0
2025-04-20,Manchester United FC,Wolverhampton Wanderers FC,0,1,0.2,0.6666666666666666,1.0,1.4,-0.3999999999999999,0.45714285714285713,0
2025-04-20,Leicester City FC,Liverpool FC,0,1,0.0,0.0,0.0,2.0,-2.0,0.125,0
2025-04-21,Tottenham Hotspur FC,Nottingham Forest FC,1,2,0.2,0.6666666666666666,1.4,1.8,-0.40000000000000013,0.5428571428571428,0
2025-04-22,Manchester City FC,Aston Villa FC,2,1,0.6,0.3333333333333333,2.6,1.6,1.0,0.6857142857142857,1
2025-04-23,Arsenal FC,Crystal Palace FC,2,2,0.6,1.0,1.8,1.4,0.40000000000000013,0.7142857142857143,0
2025-04-26,Chelsea FC,Everton FC,1,0,0.4,0.3333333333333333,2.0,1.0,1.0,0.5714285714285714,1
2025-04-26,Brighton & Hove Albion FC,West Ham United FC,3,2,0.0,0.0,1.8,0.8,1.0,0.4,1
2025-04-26,Newcastle United FC,Ipswich Town FC,3,0,0.8,1.0,3.2,1.4,1.8000000000000003,0.6285714285714286,1
2025-04-26,Southampton FC,Fulham FC,1,2,0.0,0.0,0.6,1.2,-0.6,0.0625,0
2025-04-26,Wolverhampton Wanderers FC,Leicester City FC,3,0,1.0,1.0,1.8,0.4,1.4,0.37142857142857144,1
2025-04-27,Liverpool FC,Tottenham Hotspur FC,5,1,0.8,0.6666666666666666,2.0,1.6,0.3999999999999999,0.8,1
2025-04-27,AFC Bournemouth,Manchester United FC,1,1,0.2,0.6666666666666666,0.6,1.2,-0.6,0.4,0
2025-05-01,Nottingham Forest FC,Brentford FC,0,2,0.6,0.3333333333333333,1.8,1.8,0.0,0.4,0
2025-05-02,Manchester City FC,Wolverhampton Wanderers FC,1,0,0.8,0.6666666666666666,2.2,1.4,0.8000000000000003,0.6944444444444444,1
2025-05-03,Aston Villa FC,Fulham FC,1,0,0.8,1.0,2.2,1.2,1.0000000000000002,0.5833333333333334,1
2025-05-03,Everton FC,Ipswich Town FC,2,2,0.2,1.0,1.2,1.2,0.0,0.3333333333333333,0
2025-05-03,Leicester City FC,Southampton FC,2,0,0.0,1.0,0.0,1.0,-1.0,0.11764705882352941,1
2025-05-03,Arsenal FC,AFC Bournemouth,1,2,0.4,0.6666666666666666,1.2,1.6,-0.40000000000000013,0.6944444444444444,0
2025-05-04,Brentford FC,Manchester United FC,4,3,0.4,0.0,1.0,1.4,-0.3999999999999999,0.3611111111111111,1
2025-05-04,Brighton & Hove Albion FC,Newcastle United FC,1,1,0.2,0.6666666666666666,1.8,1.0,0.8,0.4166666666666667,0
2025-05-04,West Ham United FC,Tottenham Hotspur FC,1,1,0.0,0.3333333333333333,1.0,1.4,-0.3999999999999999,0.3333333333333333,0
2025-05-04,Chelsea FC,Liverpool FC,3,1,0.6,0.0,1.8,1.8,0.0,0.5833333333333334,1
2025-05-05,Crystal Palace FC,Nottingham Forest FC,1,1,0.2,0.0,1.6,2.2,-0.6000000000000001,0.3611111111111111,0
2025-05-10,Fulham FC,Everton FC,1,3,0.4,0.3333333333333333,1.6,0.6,1.0,0.4444444444444444,0
2025-05-10,Ipswich Town FC,Brentford FC,0,1,0.0,0.0,1.0,2.0,-1.0,0.058823529411764705,0
2025-05-10,Southampton FC,Manchester City FC,0,0,0.0,0.0,0.6,0.8,-0.20000000000000007,0.058823529411764705,0
2025-05-10,Wolverhampton Wanderers FC,Brighton & Hove Albion FC,0,2,0.8,0.0,2.0,1.8,0.19999999999999996,0.3888888888888889,0
2025-05-10,AFC Bournemouth,Aston Villa FC,0,1,0.4,0.0,0.8,1.8,-1.0,0.3888888888888889,0
2025-05-11,Liverpool FC,Arsenal FC,2,2,0.6,0.0,2.6,1.6,1.0,0.8055555555555556,0
2025-05-11,Tottenham Hotspur FC,Crystal Palace FC,0,2,0.2,0.6666666666666666,1.4,1.4,0.0,0.5277777777777778,0
2025-05-11,Nottingham Forest FC,Leicester City FC,2,2,0.2,1.0,0.4,0.4,0.0,0.3888888888888889,0
2025-05-11,Manchester United FC,West Ham United FC,0,2,0.0,0.3333333333333333,0.8,1.0,-0.19999999999999996,0.4444444444444444,0
2025-05-11,Newcastle United FC,Chelsea FC,2,0,0.6,0.3333333333333333,3.6,0.6,3.0,0.6388888888888888,1
2025-05-16,Aston Villa FC,Tottenham Hotspur FC,2,0,0.8,0.3333333333333333,2.2,0.8,1.4000000000000001,0.5945945945945946,1
2025-05-16,Chelsea FC,Manchester United FC,1,0,0.6,0.3333333333333333,1.6,1.6,0.0,0.5945945945945946,1
2025-05-18,Leicester City FC,Ipswich Town FC,2,0,0.2,0.0,0.4,1.2,-0.7999999999999999,0.16666666666666666,1
2025-05-18,Brentford FC,Fulham FC,2,3,0.8,0.3333333333333333,1.8,0.8,1.0,0.3783783783783784,0
2025-05-18,Arsenal FC,Newcastle United FC,1,0,0.2,0.3333333333333333,1.4,1.2,0.19999999999999996,0.6756756756756757,1
2025-05-18,Everton FC,Southampton FC,2,0,0.4,0.0,1.2,0.6,0.6,0.32432432432432434,1
2025-05-18,West Ham United FC,Nottingham Forest FC,1,2,0.2,0.3333333333333333,1.2,2.2,-1.0000000000000002,0.32432432432432434,0
2025-05-19,Brighton & Hove Albion FC,Liverpool FC,3,2,0.4,0.0,1.6,1.6,0.0,0.40540540540540543,1
2025-05-20,Crystal Palace FC,Wolverhampton Wanderers FC,4,2,0.2,0.6666666666666666,1.6,1.2,0.40000000000000013,0.35135135135135137,1
2025-05-20,Manchester City FC,AFC Bournemouth,3,1,0.8,0.6666666666666666,2.4,1.4,1.0,0.7027027027027027,1
2025-05-25,Nottingham Forest FC,Chelsea FC,0,1,0.4,0.3333333333333333,0.8,0.6,0.20000000000000007,0.3783783783783784,0
2025-05-25,Wolverhampton Wanderers FC,Brentford FC,1,1,0.4,0.3333333333333333,1.8,1.4,0.40000000000000013,0.3783783783783784,0
2025-05-25,Tottenham Hotspur FC,Brighton & Hove Albion FC,1,4,0.0,0.3333333333333333,1.2,2.2,-1.0000000000000002,0.5135135135135135,0
2025-05-25,Southampton FC,Arsenal FC,1,2,0.0,0.0,0.6,1.6,-1.0,0.05555555555555555,0
2025-05-25,Newcastle United FC,Everton FC,0,1,0.4,0.0,3.2,1.0,2.2,0.6486486486486487,0
2025-05-25,Liverpool FC,Crystal Palace FC,1,1,0.4,0.6666666666666666,2.6,1.4,1.2000000000000002,0.7837837837837838,0
2025-05-25,Ipswich Town FC,West Ham United FC,1,3,0.0,0.0,0.8,1.2,-0.3999999999999999,0.05555555555555555,0
2025-05-25,Fulham FC,Manchester City FC,0,2,0.4,0.0,1.4,0.6,0.7999999999999999,0.43243243243243246,0
2025-05-25,AFC Bournemouth,Leicester City FC,2,0,0.2,0.0,0.8,0.8,0.0,0.3783783783783784,1
2025-05-25,Manchester United FC,Aston Villa FC,2,0,0.0,0.6666666666666666,0.8,1.8,-1.0,0.43243243243243246,1
2025-08-15,Liverpool FC,AFC Bournemouth,4,2,0.2,1.0,2.2,1.4,0.8000000000000003,0.7631578947368421,1
2025-08-16,Aston Villa FC,Newcastle United FC,0,0,0.6,0.3333333333333333,2.2,1.2,1.0000000000000002,0.6052631578947368,0
2025-08-16,Brighton & Hove Albion FC,Fulham FC,1,1,0.8,0.3333333333333333,1.8,1.2,0.6000000000000001,0.42105263157894735,0
2025-08-16,Sunderland AFC,West Ham United FC,3,0,0.42990654205607476,0.5,1.6130841121495327,1.6,0.013084112149532645,0.42990654205607476,1
2025-08-16,Tottenham Hotspur FC,Burnley FC,3,0,0.0,1.0,1.4,1.6,-0.20000000000000018,0.5,1
2025-08-16,Wolverhampton Wanderers FC,Manchester City FC,0,4,0.2,0.0,1.8,0.8,1.0,0.3684210526315789,0
2025-08-17,Manchester United FC,Arsenal FC,0,1,0.2,0.0,0.6,2.0,-1.4,0.4473684210526316,0
2025-08-17,Nottingham Forest FC,Brentford FC,3,1,0.2,0.3333333333333333,0.6,1.2,-0.6,0.3684210526315789,1
2025-08-17,Chelsea FC,Crystal Palace FC,0,0,0.8,0.3333333333333333,1.6,1.4,0.20000000000000018,0.6052631578947368,0
2025-08-18,Leeds United FC,Everton FC,1,0,0.42990654205607476,0.5,1.6130841121495327,1.0,0.6130841121495327,0.42990654205607476,1
2025-08-22,West Ham United FC,Chelsea FC,1,5,0.4,0.0,1.0,0.6,0.4,0.3157894736842105,0
2025-08-23,Manchester City FC,Tottenham Hotspur FC,0,2,0.8,0.6666666666666666,2.6,0.8,1.8,0.7105263157894737,0
2025-08-23,AFC Bournemouth,Wolverhampton Wanderers FC,1,0,0.4,0.6666666666666666,1.0,1.4,-0.3999999999999999,0.39473684210526316,1
2025-08-23,Brentford FC,Aston Villa FC,1,0,0.4,0.0,2.0,1.6,0.3999999999999999,0.3684210526315789,1
2025-08-23,Burnley FC,Sunderland AFC,2,0,0.0,0.5,1.2,1.3869158878504673,-0.1869158878504673,0.10526315789473684,1
2025-08-23,Arsenal FC,Leeds United FC,5,0,0.6,0.5,1.4,1.3869158878504673,0.013084112149532645,0.6842105263157895,1
2025-08-24,Crystal Palace FC,Nottingham Forest FC,1,1,0.4,0.0,1.6,2.0,-0.3999999999999999,0.3684210526315789,0
2025-08-24,Everton FC,Brighton & Hove Albion FC,2,0,0.6,0.3333333333333333,1.2,2.2,-1.0000000000000002,0.34210526315789475,1
2025-08-24,Fulham FC,Manchester United FC,1,1,0.2,0.3333333333333333,1.4,1.0,0.3999999999999999,0.42105263157894735,0
2025-08-25,Newcastle United FC,Liverpool FC,2,3,0.2,0.0,2.8,1.6,1.1999999999999997,0.631578947368421,0
2025-08-30,Chelsea FC,Fulham FC,2,0,0.6,0.6666666666666666,1.4,1.2,0.19999999999999996,0.5897435897435898,1
2025-08-30,Sunderland AFC,Brentford FC,2,1,0.5,0.5,3.0,1.2,1.8,1.0,1
2025-08-30,Manchester United FC,Burnley FC,3,2,0.2,0.5,0.4,1.2,-0.7999999999999999,0.4358974358974359,1
2025-08-30,Tottenham Hotspur FC,AFC Bournemouth,0,1,0.4,0.3333333333333333,1.6,1.4,0.20000000000000018,0.5128205128205128,0
2025-08-30,Wolverhampton Wanderers FC,Everton FC,2,3,0.0,0.3333333333333333,1.6,1.0,0.6000000000000001,0.358974358974359,0
2025-08-30,Leeds United FC,Newcastle United FC,0,0,0.5,0.5,1.0,1.0,0.0,1.0,0
2025-08-31,Aston Villa FC,Crystal Palace FC,0,3,0.4,0.0,1.8,1.0,0.8,0.5897435897435898,0
2025-08-31,Liverpool FC,Arsenal FC,1,0,0.4,0.0,2.8,2.0,0.7999999999999998,0.7692307692307693,1
2025-08-31,Nottingham Forest FC,West Ham United FC,0,3,0.4,1.0,1.0,1.6,-0.6000000000000001,0.38461538461538464,0
2025-08-31,Brighton & Hove Albion FC,Manchester City FC,2,1,0.6,0.3333333333333333,2.0,1.6,0.3999999999999999,0.41025641025641024,1
2025-09-13,Arsenal FC,Nottingham Forest FC,3,0,0.8,0.6666666666666666,2.0,1.4,0.6000000000000001,0.6923076923076923,1
2025-09-13,AFC Bournemouth,Brighton & Hove Albion FC,2,1,0.6,0.3333333333333333,1.0,1.8,-0.8,0.41025641025641024,1
2025-09-13,Crystal Palace FC,Sunderland AFC,0,0,0.4,0.5,1.6,0.0,1.6,0.358974358974359,0
2025-09-13,Everton FC,Aston Villa FC,0,0,0.8,0.0,1.4,1.0,0.3999999999999999,0.358974358974359,0
2025-09-13,Fulham FC,Leeds United FC,1,0,0.2,0.5,1.2,0.0,1.2,0.41025641025641024,1
2025-09-13,Newcastle United FC,Wolverhampton Wanderers FC,1,0,0.0,1.0,2.4,1.0,1.4,0.6153846153846154,1
2025-09-13,West Ham United FC,Tottenham Hotspur FC,0,3,0.4,0.0,1.2,1.2,0.0,0.3076923076923077,0
2025-09-13,Brentford FC,Chelsea FC,2,2,0.2,0.0,2.2,1.6,0.6000000000000001,0.38461538461538464,0
2025-09-14,Burnley FC,Liverpool FC,0,1,0.2,0.0,1.2,1.8,-0.6000000000000001,0.15,0
2025-09-14,Manchester City FC,Manchester United FC,3,0,0.6,0.3333333333333333,2.2,1.2,1.0000000000000002,0.6923076923076923,1
2025-09-20,Fulham FC,Brentford FC,3,1,0.2,0.6666666666666666,0.8,1.2,-0.3999999999999999,0.425,1
2025-09-20,Manchester United FC,Chelsea FC,2,1,0.4,0.0,1.0,2.0,-1.0,0.45,1
2025-09-20,Wolverhampton Wanderers FC,Leeds United FC,1,3,0.0,0.5,1.2,0.0,1.2,0.35,0
2025-09-20,West Ham United FC,Crystal Palace FC,1,2,0.4,0.3333333333333333,0.8,1.6,-0.8,0.3,0
2025-09-20,Brighton & Hove Albion FC,Tottenham Hotspur FC,2,2,0.4,0.6666666666666666,2.0,1.4,0.6000000000000001,0.425,0
2025-09-20,Burnley FC,Nottingham Forest FC,1,1,0.2,0.0,1.0,1.2,-0.19999999999999996,0.14285714285714285,0
2025-09-20,Liverpool FC,Everton FC,2,1,0.8,0.3333333333333333,2.6,1.4,1.2000000000000002,0.775,1
2025-09-21,AFC Bournemouth,Newcastle United FC,0,0,0.8,0.3333333333333333,1.2,0.4,0.7999999999999999,0.425,0
2025-09-21,Sunderland AFC,Aston Villa FC,1,1,0.5,0.5,2.5,0.4,2.1,1.0,0
2025-09-21,Arsenal FC,Manchester City FC,1,1,0.8,0.3333333333333333,2.4,1.8,0.5999999999999999,0.7,0
2025-09-27,Brentford FC,Manchester United FC,3,1,0.2,0.3333333333333333,2.6,1.0,1.6,0.375,1
2025-09-27,Crystal Palace FC,Liverpool FC,2,1,0.4,0.3333333333333333,1.2,1.6,-0.40000000000000013,0.35,1
2025-09-27,Chelsea FC,Brighton & Hove Albion FC,1,3,0.4,0.6666666666666666,1.4,1.8,-0.40000000000000013,0.6,0
2025-09-27,Leeds United FC,AFC Bournemouth,2,2,0.4,0.5,0.5,1.2,-0.7,0.5,0
2025-09-27,Manchester City FC,Burnley FC,5,1,0.4,1.0,1.8,1.6,0.19999999999999996,0.7,1
2025-09-27,Nottingham Forest FC,Sunderland AFC,0,1,0.2,0.5,1.0,0.0,1.0,0.375,0
2025-09-27,Tottenham Hotspur FC,Wolverhampton Wanderers FC,1,1,0.6,0.0,1.0,0.6,0.4,0.5,0
2025-09-28,Newcastle United FC,Arsenal FC,1,2,0.2,0.3333333333333333,1.6,1.8,-0.19999999999999996,0.625,0
2025-09-28,Aston Villa FC,Fulham FC,3,1,0.0,1.0,1.4,1.2,0.19999999999999996,0.575,1
2025-09-29,Everton FC,West Ham United FC,1,1,0.4,0.0,1.2,2.0,-0.8,0.35,0
2025-10-03,AFC Bournemouth,Fulham FC,3,1,0.6,0.3333333333333333,1.0,1.0,0.0,0.4146341463414634,1
2025-10-04,Leeds United FC,Tottenham Hotspur FC,1,2,0.2,0.5,1.0,1.6,-0.6000000000000001,0.3333333333333333,0
2025-10-04,Arsenal FC,West Ham United FC,2,0,0.6,0.6666666666666666,2.2,1.8,0.40000000000000013,0.6829268292682927,1
2025-10-04,Manchester United FC,Sunderland AFC,2,0,0.4,0.5,1.4,0.3333333333333333,1.0666666666666667,0.4634146341463415,1
2025-10-04,Chelsea FC,Liverpool FC,2,1,0.4,0.3333333333333333,1.4,1.6,-0.20000000000000018,0.5853658536585366,1
2025-10-05,Aston Villa FC,Burnley FC,2,1,0.2,1.0,1.2,1.0,0.19999999999999996,0.5853658536585366,1
2025-10-05,Everton FC,Crystal Palace FC,2,1,0.4,0.6666666666666666,1.4,1.6,-0.20000000000000018,0.34146341463414637,1
2025-10-05,Newcastle United FC,Nottingham Forest FC,2,0,0.2,1.0,1.2,1.0,0.19999999999999996,0.6097560975609756,1
2025-10-05,Wolverhampton Wanderers FC,Brighton & Hove Albion FC,1,1,0.0,0.0,0.8,2.0,-1.2,0.34146341463414637,0
2025-10-05,Brentford FC,Manchester City FC,0,1,0.4,0.0,2.4,1.6,0.7999999999999998,0.3902439024390244,0
2025-10-18,Manchester City FC,Everton FC,2,0,0.6,0.6666666666666666,2.4,1.6,0.7999999999999998,0.7073170731707317,1
2025-10-18,Fulham FC,Arsenal FC,0,1,0.4,0.3333333333333333,1.2,1.4,-0.19999999999999996,0.43902439024390244,0
2025-10-18,Burnley FC,Leeds United FC,2,0,0.0,0.5,1.0,1.0,0.0,0.13636363636363635,1
2025-10-18,Sunderland AFC,Wolverhampton Wanderers FC,2,0,0.4,0.5,2.0,0.6,1.4,0.6666666666666666,1
2025-10-18,Brighton & Hove Albion FC,Newcastle United FC,2,1,0.4,0.3333333333333333,1.8,0.2,1.6,0.4146341463414634,1
2025-10-18,Crystal Palace FC,AFC Bournemouth,3,3,0.6,0.0,1.6,1.6,0.0,0.36585365853658536,0
2025-10-18,Nottingham Forest FC,Chelsea FC,0,3,0.0,0.0,1.0,1.8,-0.8,0.36585365853658536,0
2025-10-19,Tottenham Hotspur FC,Aston Villa FC,1,2,0.4,0.6666666666666666,1.0,0.4,0.6,0.4878048780487805,0
2025-10-19,Liverpool FC,Manchester United FC,1,2,0.6,0.3333333333333333,2.0,1.0,1.0,0.7804878048780488,0
2025-10-20,West Ham United FC,Brentford FC,0,2,0.2,0.3333333333333333,0.8,1.0,-0.19999999999999996,0.2926829268292683,0
2025-10-24,Leeds United FC,West Ham United FC,2,1,0.2,0.5,1.0,1.4,-0.3999999999999999,0.25,1
2025-10-25,Brentford FC,Liverpool FC,3,2,0.4,0.0,1.6,1.6,0.0,0.38095238095238093,1
2025-10-25,Manchester United FC,Brighton & Hove Albion FC,4,2,0.6,0.3333333333333333,1.8,1.8,0.0,0.47619047619047616,1
2025-10-25,Chelsea FC,Sunderland AFC,1,2,0.4,0.5,1.2,0.25,0.95,0.5952380952380952,0
2025-10-25,Newcastle United FC,Fulham FC,2,1,0.4,0.3333333333333333,1.2,1.2,0.0,0.6190476190476191,1
2025-10-26,AFC Bournemouth,Nottingham Forest FC,2,0,0.4,0.3333333333333333,1.6,0.8,0.8,0.42857142857142855,1
2025-10-26,Aston Villa FC,Manchester City FC,1,0,0.6,0.3333333333333333,1.4,1.8,-0.40000000000000013,0.5952380952380952,1
2025-10-26,Arsenal FC,Crystal Palace FC,1,0,0.8,0.6666666666666666,2.4,1.4,1.0,0.6904761904761905,1
2025-10-26,Wolverhampton Wanderers FC,Burnley FC,2,3,0.0,0.5,1.0,1.0,0.0,0.3333333333333333,0
2025-10-26,Everton FC,Tottenham Hotspur FC,0,3,0.2,0.3333333333333333,1.4,1.8,-0.40000000000000013,0.35714285714285715,0
2025-11-01,Tottenham Hotspur FC,Chelsea FC,0,1,0.4,0.0,1.2,2.4,-1.2,0.47619047619047616,0
2025-11-01,Liverpool FC,Aston Villa FC,2,0,0.2,0.3333333333333333,1.8,0.6,1.2000000000000002,0.7619047619047619,1
2025-11-01,Nottingham Forest FC,Manchester United FC,2,2,0.0,1.0,0.6,0.8,-0.20000000000000007,0.35714285714285715,0
2025-11-01,Brighton & Hove Albion FC,Leeds United FC,3,0,0.4,0.5,2.0,0.75,1.25,0.42857142857142855,1
2025-11-01,Burnley FC,Arsenal FC,0,2,0.4,0.0,1.2,1.2,0.0,0.17391304347826086,0
2025-11-01,Crystal Palace FC,Brentford FC,2,0,0.4,0.3333333333333333,2.0,1.2,0.8,0.35714285714285715,1
2025-11-01,Fulham FC,Wolverhampton Wanderers FC,3,0,0.2,0.3333333333333333,1.0,0.6,0.4,0.42857142857142855,1
2025-11-02,West Ham United FC,Newcastle United FC,3,1,0.0,0.3333333333333333,0.6,0.2,0.39999999999999997,0.2857142857142857,1
2025-11-02,Manchester City FC,AFC Bournemouth,3,1,0.6,0.6666666666666666,2.6,1.8,0.8,0.7142857142857143,1
2025-11-03,Sunderland AFC,Everton FC,1,1,0.6,0.5,2.0,1.0,1.0,0.75,0
2025-11-08,Tottenham Hotspur FC,Manchester United FC,2,2,0.4,0.6666666666666666,1.0,1.2,-0.19999999999999996,0.46511627906976744,0
2025-11-08,Everton FC,Fulham FC,2,0,0.2,0.3333333333333333,1.0,0.8,0.19999999999999996,0.3488372093023256,1
2025-11-08,West Ham United FC,Burnley FC,3,2,0.2,0.5,1.0,1.4,-0.3999999999999999,0.3023255813953488,1
2025-11-08,Sunderland AFC,Arsenal FC,2,2,0.6,0.5,1.8,1.2,0.6000000000000001,0.6,0
2025-11-08,Chelsea FC,Wolverhampton Wanderers FC,3,0,0.6,0.6666666666666666,1.2,0.2,1.0,0.5813953488372093,1
2025-11-09,Nottingham Forest FC,Leeds United FC,3,1,0.0,0.5,1.0,0.6,0.4,0.3488372093023256,1
2025-11-09,Brentford FC,Newcastle United FC,3,1,0.6,0.3333333333333333,1.8,0.4,1.4,0.3953488372093023,1
2025-11-09,Manchester City FC,Liverpool FC,3,0,0.8,0.0,2.6,1.6,1.0,0.7209302325581395,1
2025-11-09,Aston Villa FC,AFC Bournemouth,4,0,0.8,0.6666666666666666,1.2,1.8,-0.6000000000000001,0.6046511627906976,1
2025-11-09,Crystal Palace FC,Brighton & Hove Albion FC,0,0,0.4,0.6666666666666666,1.6,1.4,0.20000000000000018,0.37209302325581395,0
2025-11-22,Burnley FC,Chelsea FC,0,2,0.4,0.0,1.0,2.4,-1.4,0.16666666666666666,0
2025-11-22,AFC Bournemouth,West Ham United FC,2,2,0.4,0.0,1.6,1.0,0.6000000000000001,0.4418604651162791,0
2025-11-22,Brighton & Hove Albion FC,Brentford FC,2,1,0.4,0.0,2.0,1.0,1.0,0.4418604651162791,1
2025-11-22,Fulham FC,Sunderland AFC,1,0,0.2,0.5,1.6,0.6,1.0,0.4418604651162791,1
2025-11-22,Liverpool FC,Nottingham Forest FC,0,3,0.2,0.3333333333333333,2.0,0.4,1.6,0.7674418604651163,0
2025-11-22,Wolverhampton Wanderers FC,Crystal Palace FC,0,2,0.0,0.0,1.2,1.2,0.0,0.32558139534883723,0
2025-11-22,Newcastle United FC,Manchester City FC,2,1,0.4,0.0,1.6,1.4,0.20000000000000018,0.627906976744186,1
2025-11-23,Arsenal FC,Tottenham Hotspur FC,4,1,0.8,1.0,2.4,2.4,0.0,0.6976744186046512,1
2025-11-23,Leeds United FC,Aston Villa FC,1,2,0.2,0.5,1.2,0.6,0.6,0.4,0
2025-11-24,Manchester United FC,Everton FC,0,1,0.6,0.6666666666666666,2.2,1.0,1.2000000000000002,0.4883720930232558,0
2025-11-29,Sunderland AFC,AFC Bournemouth,3,2,0.4,0.5,1.6,1.4,0.20000000000000018,0.5,1
2025-11-29,Brentford FC,Burnley FC,3,1,0.6,0.5,2.2,1.8,0.40000000000000013,0.4090909090909091,1
2025-11-29,Manchester City FC,Leeds United FC,3,2,0.6,0.5,3.2,0.8,2.4000000000000004,0.7272727272727273,1
2025-11-29,Everton FC,Newcastle United FC,1,4,0.4,0.3333333333333333,1.0,0.6,0.4,0.36363636363636365,0
2025-11-29,Tottenham Hotspur FC,Fulham FC,1,2,0.2,0.0,0.8,0.6,0.20000000000000007,0.45454545454545453,0
2025-11-30,Chelsea FC,Arsenal FC,1,1,0.8,0.0,1.8,1.4,0.40000000000000013,0.5909090909090909,0
2025-11-30,West Ham United FC,Liverpool FC,0,2,0.4,0.0,1.4,1.0,0.3999999999999999,0.3181818181818182,0
2025-11-30,Crystal Palace FC,Manchester United FC,1,2,0.4,0.6666666666666666,1.4,1.4,0.0,0.36363636363636365,0
2025-11-30,Aston Villa FC,Wolverhampton Wanderers FC,1,0,0.8,0.6666666666666666,2.0,0.2,1.8,0.6136363636363636,1
2025-11-30,Nottingham Forest FC,Brighton & Hove Albion FC,0,2,0.4,0.3333333333333333,1.0,1.4,-0.3999999999999999,0.36363636363636365,0
2025-12-02,AFC Bournemouth,Everton FC,0,1,0.2,1.0,1.8,1.2,0.6000000000000001,0.4318181818181818,0
2025-12-02,Fulham FC,Manchester City FC,4,5,0.6,0.0,1.6,0.8,0.8,0.45454545454545453,0
2025-12-02,Newcastle United FC,Tottenham Hotspur FC,2,2,0.6,1.0,1.6,2.2,-0.6000000000000001,0.6363636363636364,0
2025-12-03,Brighton & Hove Albion FC,Aston Villa FC,3,4,0.6,0.3333333333333333,2.2,1.0,1.2000000000000002,0.45454545454545453,0
2025-12-03,Arsenal FC,Brentford FC,2,0,0.6,0.6666666666666666,2.2,1.0,1.2000000000000002,0.7045454545454546,1
2025-12-03,Burnley FC,Crystal Palace FC,0,1,0.2,0.0,0.6,1.6,-1.0,0.16,0
2025-12-03,Wolverhampton Wanderers FC,Nottingham Forest FC,0,1,0.0,0.0,1.2,0.8,0.3999999999999999,0.3181818181818182,0
2025-12-03,Liverpool FC,Sunderland AFC,1,1,0.4,0.5,1.2,0.6,0.6,0.75,0
2025-12-03,Leeds United FC,Chelsea FC,3,1,0.2,0.5,1.2,1.8,-0.6000000000000001,0.3333333333333333,1
2025-12-04,Manchester United FC,West Ham United FC,1,1,0.4,0.3333333333333333,2.2,1.4,0.8000000000000003,0.4772727272727273,0
2025-12-06,Tottenham Hotspur FC,Brentford FC,2,0,0.0,1.0,1.0,0.8,0.19999999999999996,0.4444444444444444,1
2025-12-06,Leeds United FC,Liverpool FC,3,3,0.2,0.5,1.8,1.2,0.6000000000000001,0.42857142857142855,0
2025-12-06,Newcastle United FC,Burnley FC,2,1,0.4,1.0,1.8,1.6,0.19999999999999996,0.6222222222222222,1
2025-12-06,Aston Villa FC,Arsenal FC,2,1,0.8,0.3333333333333333,2.2,1.6,0.6000000000000001,0.6222222222222222,1
2025-12-06,Everton FC,Nottingham Forest FC,3,0,0.6,0.6666666666666666,1.2,1.0,0.19999999999999996,0.35555555555555557,1
2025-12-06,AFC Bournemouth,Chelsea FC,0,0,0.0,0.0,1.4,1.6,-0.20000000000000018,0.4222222222222222,0
2025-12-06,Manchester City FC,Sunderland AFC,3,0,0.8,0.5,3.2,0.8,2.4000000000000004,0.7333333333333333,1
2025-12-07,Brighton & Hove Albion FC,West Ham United FC,1,1,0.6,0.3333333333333333,2.4,1.0,1.4,0.4444444444444444,0
2025-12-07,Fulham FC,Crystal Palace FC,1,2,0.6,0.3333333333333333,2.2,1.2,1.0000000000000002,0.4444444444444444,0
2025-12-08,Wolverhampton Wanderers FC,Manchester United FC,1,4,0.0,0.6666666666666666,0.8,1.8,-1.0,0.3111111111111111,0
2025-12-13,Chelsea FC,Everton FC,2,0,0.4,0.6666666666666666,1.6,0.8,0.8,0.5777777777777777,1
2025-12-13,Liverpool FC,Brighton & Hove Albion FC,2,0,0.2,0.6666666666666666,1.2,1.6,-0.40000000000000013,0.7333333333333333,1
2025-12-13,Burnley FC,Fulham FC,2,3,0.0,0.5,0.6,1.0,-0.4,0.15384615384615385,0
2025-12-13,Arsenal FC,Wolverhampton Wanderers FC,2,1,0.4,1.0,2.0,0.2,1.8,0.7111111111111111,1
2025-12-14,West Ham United FC,Aston Villa FC,2,3,0.2,0.0,1.4,1.8,-0.40000000000000013,0.3111111111111111,0
2025-12-14,Nottingham Forest FC,Tottenham Hotspur FC,3,0,0.6,0.6666666666666666,1.0,2.0,-1.0,0.35555555555555557,1
2025-12-14,Brentford FC,Leeds United FC,1,1,0.4,0.5,2.4,1.2,1.2,0.4222222222222222,0
2025-12-14,Sunderland AFC,Newcastle United FC,1,0,0.2,0.5,1.8,1.4,0.40000000000000013,0.5714285714285714,1
2025-12-14,Crystal Palace FC,Manchester City FC,0,3,0.6,0.0,1.6,1.6,0.0,0.35555555555555557,0
2025-12-15,Manchester United FC,AFC Bournemouth,4,4,0.4,0.0,1.8,1.6,0.19999999999999996,0.4666666666666667,0
2025-12-20,Leeds United FC,Crystal Palace FC,4,1,0.2,0.5,2.0,1.2,0.8,0.375,1
2025-12-20,Everton FC,Arsenal FC,0,1,0.6,0.0,1.6,1.4,0.20000000000000018,0.3695652173913043,0
2025-12-20,Wolverhampton Wanderers FC,Brentford FC,0,2,0.0,0.0,0.8,0.6,0.20000000000000007,0.30434782608695654,0
2025-12-20,Tottenham Hotspur FC,Liverpool FC,1,2,0.2,0.0,1.2,1.6,-0.40000000000000013,0.45652173913043476,0
2025-12-20,Brighton & Hove Albion FC,Sunderland AFC,0,0,0.4,0.5,2.2,0.6,1.6,0.43478260869565216,0
2025-12-20,AFC Bournemouth,Burnley FC,1,1,0.0,1.0,1.4,1.6,-0.20000000000000018,0.41304347826086957,0
2025-12-20,Newcastle United FC,Chelsea FC,2,2,0.6,0.3333333333333333,2.0,1.4,0.6000000000000001,0.6304347826086957,0
2025-12-20,Manchester City FC,West Ham United FC,3,0,0.8,1.0,2.8,1.0,1.7999999999999998,0.7391304347826086,1
2025-12-21,Aston Villa FC,Manchester United FC,2,1,1.0,0.0,2.0,2.4,-0.3999999999999999,0.6304347826086957,1
2025-12-22,Fulham FC,Nottingham Forest FC,1,0,0.6,0.6666666666666666,1.8,0.8,1.0,0.43478260869565216,1
2025-12-26,Manchester United FC,Newcastle United FC,1,0,0.4,0.3333333333333333,2.2,1.4,0.8000000000000003,0.45652173913043476,1
2025-12-27,West Ham United FC,Fulham FC,0,1,0.0,0.3333333333333333,1.6,1.4,0.20000000000000018,0.30434782608695654,0
2025-12-27,Chelsea FC,Aston Villa FC,1,2,0.2,0.3333333333333333,1.8,2.2,-0.40000000000000013,0.5869565217391305,0
2025-12-27,Liverpool FC,Wolverhampton Wanderers FC,2,1,0.6,1.0,1.2,0.2,1.0,0.7391304347826086,1
2025-12-27,Brentford FC,AFC Bournemouth,4,1,0.4,1.0,2.0,2.0,0.0,0.41304347826086957,1
2025-12-27,Burnley FC,Everton FC,0,0,0.0,0.0,0.8,0.6,0.20000000000000007,0.14814814814814814,0
2025-12-27,Arsenal FC,Brighton & Hove Albion FC,2,1,0.6,0.3333333333333333,2.2,1.0,1.2000000000000002,0.717391304347826,1
2025-12-27,Nottingham Forest FC,Manchester City FC,1,2,0.4,0.3333333333333333,1.6,2.0,-0.3999999999999999,0.3695652173913043,0
2025-12-28,Sunderland AFC,Leeds United FC,1,1,0.4,0.5,1.8,0.8,1.0,0.625,0
2025-12-28,Crystal Palace FC,Tottenham Hotspur FC,0,1,0.4,0.6666666666666666,1.2,1.6,-0.40000000000000013,0.34782608695652173,0
2025-12-30,Burnley FC,Newcastle United FC,1,3,0.0,0.0,0.4,1.2,-0.7999999999999999,0.14285714285714285,0
2025-12-30,Chelsea FC,AFC Bournemouth,2,2,0.2,0.3333333333333333,1.6,1.6,0.0,0.574468085106383,0
2025-12-30,Nottingham Forest FC,Everton FC,0,2,0.4,0.3333333333333333,1.8,0.6,1.2000000000000002,0.3617021276595745,0
2025-12-30,West Ham United FC,Brighton & Hove Albion FC,2,2,0.0,0.0,1.6,1.0,0.6000000000000001,0.2978723404255319,0
2025-12-30,Arsenal FC,Aston Villa FC,4,1,0.8,0.3333333333333333,2.2,2.2,0.0,0.723404255319149,1
2025-12-30,Manchester United FC,Wolverhampton Wanderers FC,1,1,0.4,0.3333333333333333,2.0,0.4,1.6,0.46808510638297873,0
2026-01-01,Sunderland AFC,Manchester City FC,0,0,0.2,0.0,1.6,2.2,-0.6000000000000001,0.5555555555555556,0
2026-01-01,Brentford FC,Tottenham Hotspur FC,0,0,0.4,0.0,2.8,1.4,1.4,0.425531914893617,0
2026-01-01,Crystal Palace FC,Fulham FC,1,1,0.4,0.6666666666666666,0.6,1.4,-0.7999999999999999,0.3404255319148936,0
2026-01-01,Liverpool FC,Leeds United FC,0,0,0.6,0.0,1.4,1.0,0.3999999999999999,0.7446808510638298,0
2026-01-03,Aston Villa FC,Nottingham Forest FC,3,1,0.8,0.6666666666666666,2.0,0.8,1.2,0.6382978723404256,1
2026-01-03,Brighton & Hove Albion FC,Burnley FC,2,0,0.0,0.0,1.8,1.6,0.19999999999999996,0.425531914893617,1
2026-01-03,Wolverhampton Wanderers FC,West Ham United FC,3,0,0.0,0.3333333333333333,0.6,1.0,-0.4,0.2978723404255319,1
2026-01-03,AFC Bournemouth,Arsenal FC,2,3,0.0,0.6666666666666666,1.0,1.4,-0.3999999999999999,0.40425531914893614,0
2026-01-04,Leeds United FC,Manchester United FC,1,1,0.2,0.5,2.6,2.2,0.3999999999999999,0.4444444444444444,0
2026-01-04,Everton FC,Brentford FC,2,4,0.4,0.3333333333333333,1.2,0.6,0.6,0.3617021276595745,0
2026-01-04,Newcastle United FC,Crystal Palace FC,2,0,0.4,0.3333333333333333,2.0,1.2,0.8,0.6170212765957447,1
2026-01-04,Tottenham Hotspur FC,Sunderland AFC,1,1,0.4,0.5,1.2,0.6,0.6,0.44680851063829785,0
2026-01-04,Fulham FC,Liverpool FC,2,2,0.6,0.3333333333333333,2.0,1.8,0.19999999999999996,0.44680851063829785,0
2026-01-04,Manchester City FC,Chelsea FC,1,1,0.8,0.6666666666666666,3.0,1.2,1.8,0.7446808510638298,0
2026-01-06,West Ham United FC,Nottingham Forest FC,1,2,0.0,0.3333333333333333,1.4,1.0,0.3999999999999999,0.2916666666666667,0
2026-01-07,Burnley FC,Manchester United FC,2,2,0.0,0.0,0.6,2.0,-1.4,0.13793103448275862,0
2026-01-07,Newcastle United FC,Leeds United FC,4,3,0.4,0.0,2.0,1.0,1.0,0.625,1
2026-01-07,Manchester City FC,Brighton & Hove Albion FC,1,1,0.6,0.0,2.6,1.0,1.6,0.7291666666666666,0
2026-01-07,Fulham FC,Chelsea FC,2,1,0.6,0.3333333333333333,1.8,1.2,0.6000000000000001,0.4375,1
2026-01-07,Brentford FC,Sunderland AFC,3,0,0.6,0.0,2.2,0.4,1.8000000000000003,0.4166666666666667,1
2026-01-07,Crystal Palace FC,Aston Villa FC,0,0,0.0,0.6666666666666666,0.4,2.4,-2.0,0.3333333333333333,0
2026-01-07,AFC Bournemouth,Tottenham Hotspur FC,3,2,0.0,0.6666666666666666,1.0,0.8,0.19999999999999996,0.3958333333333333,1
2026-01-07,Everton FC,Wolverhampton Wanderers FC,1,1,0.2,0.6666666666666666,1.6,0.6,1.0,0.3541666666666667,0
2026-01-08,Arsenal FC,Liverpool FC,0,0,1.0,0.0,2.8,1.8,0.9999999999999998,0.7291666666666666,0
2026-01-17,Liverpool FC,Burnley FC,1,1,0.4,1.0,1.0,1.0,0.0,0.7291666666666666,0
2026-01-17,Manchester United FC,Manchester City FC,2,0,0.2,0.3333333333333333,1.4,2.2,-0.8000000000000003,0.4583333333333333,1
2026-01-17,Sunderland AFC,Crystal Palace FC,2,1,0.0,0.0,1.4,1.2,0.19999999999999996,0.5,1
2026-01-17,Chelsea FC,Brentford FC,2,0,0.0,0.3333333333333333,1.8,1.4,0.40000000000000013,0.5625,1
2026-01-17,Leeds United FC,Fulham FC,1,0,0.2,0.0,2.4,1.4,1.0,0.4,1
2026-01-17,Tottenham Hotspur FC,West Ham United FC,1,2,0.2,0.6666666666666666,1.4,0.8,0.5999999999999999,0.4375,0
2026-01-17,Nottingham Forest FC,Arsenal FC,0,0,0.2,0.0,1.4,1.6,-0.20000000000000018,0.3541666666666667,0
2026-01-18,Aston Villa FC,Everton FC,0,1,0.6,0.6666666666666666,2.4,0.8,1.5999999999999999,0.6458333333333334,0
2026-01-18,Wolverhampton Wanderers FC,Newcastle United FC,0,0,0.2,0.0,0.8,1.6,-0.8,0.3125,0
2026-01-19,Brighton & Hove Albion FC,AFC Bournemouth,1,1,0.2,0.6666666666666666,1.6,1.8,-0.19999999999999996,0.4375,0
2026-01-24,AFC Bournemouth,Liverpool FC,3,2,0.2,0.0,1.2,1.8,-0.6000000000000001,0.40816326530612246,1
2026-01-24,Manchester City FC,Wolverhampton Wanderers FC,2,0,0.2,1.0,2.2,0.8,1.4000000000000001,0.7142857142857143,1
2026-01-24,West Ham United FC,Sunderland AFC,3,1,0.2,0.0,1.0,0.4,0.6,0.2857142857142857,1
2026-01-24,Burnley FC,Tottenham Hotspur FC,2,2,0.0,0.0,1.0,1.0,0.0,0.13333333333333333,0
2026-01-24,Fulham FC,Brighton & Hove Albion FC,2,1,0.4,0.3333333333333333,2.0,1.2,0.8,0.4489795918367347,1
2026-01-25,Crystal Palace FC,Chelsea FC,1,3,0.0,0.0,0.4,1.0,-0.6,0.32653061224489793,0
2026-01-25,Brentford FC,Nottingham Forest FC,0,2,0.6,0.3333333333333333,2.2,0.8,1.4000000000000001,0.42857142857142855,0
2026-01-25,Newcastle United FC,Aston Villa FC,0,2,0.6,0.3333333333333333,2.4,2.0,0.3999999999999999,0.6326530612244898,0
2026-01-25,Arsenal FC,Manchester United FC,2,3,0.6,0.6666666666666666,2.0,2.0,0.0,0.7142857142857143,0
2026-01-26,Everton FC,Leeds United FC,1,1,0.4,0.0,1.4,1.4,0.0,0.3469387755102041,0
2026-01-31,Chelsea FC,West Ham United FC,3,2,0.4,1.0,1.6,0.8,0.8,0.5714285714285714,1
2026-01-31,Wolverhampton Wanderers FC,AFC Bournemouth,0,2,0.2,0.3333333333333333,0.8,2.0,-1.2,0.30612244897959184,0
2026-01-31,Liverpool FC,Newcastle United FC,4,1,0.0,0.6666666666666666,1.2,1.4,-0.19999999999999996,0.7142857142857143,1
2026-01-31,Brighton & Hove Albion FC,Everton FC,1,1,0.2,0.3333333333333333,1.4,0.8,0.5999999999999999,0.42857142857142855,0
2026-01-31,Leeds United FC,Arsenal FC,0,4,0.2,0.0,2.4,1.2,1.2,0.45454545454545453,0
2026-02-01,Tottenham Hotspur FC,Manchester City FC,2,2,0.0,0.6666666666666666,1.2,2.0,-0.8,0.42857142857142855,0
2026-02-01,Nottingham Forest FC,Crystal Palace FC,1,1,0.4,0.3333333333333333,0.8,1.0,-0.19999999999999996,0.3469387755102041,0
2026-02-01,Manchester United FC,Fulham FC,3,2,0.4,0.6666666666666666,1.8,1.4,0.40000000000000013,0.46938775510204084,1
2026-02-01,Aston Villa FC,Brentford FC,0,1,0.4,0.6666666666666666,1.6,1.2,0.40000000000000013,0.6326530612244898,0
2026-02-02,Sunderland AFC,Burnley FC,3,0,0.2,0.0,1.4,0.8,0.5999999999999999,0.5454545454545454,1
2026-02-06,Leeds United FC,Nottingham Forest FC,3,1,0.2,0.0,1.8,1.0,0.8,0.4166666666666667,1
2026-02-07,Manchester United FC,Tottenham Hotspur FC,2,0,0.6,0.0,2.2,1.0,1.2000000000000002,0.48,1
2026-02-07,AFC Bournemouth,Aston Villa FC,1,1,0.6,0.0,1.8,1.6,0.19999999999999996,0.42,0
2026-02-07,Arsenal FC,Sunderland AFC,3,0,0.4,0.0,2.0,0.4,1.6,0.7,1
2026-02-07,Burnley FC,West Ham United FC,0,2,0.0,0.0,1.4,1.0,0.3999999999999999,0.12903225806451613,0
2026-02-07,Fulham FC,Everton FC,1,2,0.4,0.0,1.6,0.8,0.8,0.46,0
2026-02-07,Wolverhampton Wanderers FC,Chelsea FC,1,3,0.2,0.0,0.8,1.4,-0.5999999999999999,0.3,0
2026-02-07,Newcastle United FC,Brentford FC,2,3,0.4,0.3333333333333333,2.0,1.4,0.6000000000000001,0.62,0
2026-02-08,Brighton & Hove Albion FC,Crystal Palace FC,0,1,0.2,0.0,1.0,1.0,0.0,0.42,0
2026-02-08,Liverpool FC,Manchester City FC,1,2,0.2,0.6666666666666666,1.8,1.4,0.40000000000000013,0.72,0
2026-02-10,West Ham United FC,Manchester United FC,1,1,0.6,0.6666666666666666,1.6,2.2,-0.6000000000000001,0.3,0
2026-02-10,Tottenham Hotspur FC,Newcastle United FC,1,2,0.0,0.0,1.4,0.8,0.5999999999999999,0.42,0
2026-02-10,Chelsea FC,Leeds United FC,2,2,0.8,0.0,2.0,1.2,0.8,0.58,0
2026-02-10,Everton FC,AFC Bournemouth,1,2,0.4,0.3333333333333333,1.4,2.0,-0.6000000000000001,0.34,0
2026-02-11,Aston Villa FC,Brighton & Hove Albion FC,1,0,0.2,0.6666666666666666,1.4,1.0,0.3999999999999999,0.62,1
2026-02-11,Manchester City FC,Fulham FC,3,0,0.4,1.0,2.0,1.4,0.6000000000000001,0.72,1
2026-02-11,Nottingham Forest FC,Wolverhampton Wanderers FC,0,0,0.4,0.6666666666666666,1.0,0.8,0.19999999999999996,0.34,0
2026-02-11,Crystal Palace FC,Burnley FC,2,3,0.2,1.0,0.4,0.6,-0.19999999999999996,0.32,0
2026-02-11,Sunderland AFC,Liverpool FC,0,1,0.4,0.0,1.4,1.8,-0.40000000000000013,0.5833333333333334,0
2026-02-12,Brentford FC,Arsenal FC,1,1,0.6,0.0,1.6,1.8,-0.19999999999999996,0.42,0
2026-02-18,Wolverhampton Wanderers FC,Arsenal FC,2,2,0.0,0.0,0.8,1.8,-1.0,0.29411764705882354,0
2026-02-21,Aston Villa FC,Leeds United FC,1,1,0.4,1.0,1.2,1.4,-0.19999999999999996,0.6274509803921569,0
2026-02-21,Brentford FC,Brighton & Hove Albion FC,0,2,0.4,0.3333333333333333,1.6,1.0,0.6000000000000001,0.4117647058823529,0
2026-02-21,Chelsea FC,Burnley FC,1,1,0.8,0.6666666666666666,2.0,1.0,1.0,0.5686274509803921,0
2026-02-21,West Ham United FC,AFC Bournemouth,0,0,0.6,0.0,1.4,1.6,-0.20000000000000018,0.29411764705882354,0
2026-02-21,Manchester City FC,Newcastle United FC,2,1,0.6,0.3333333333333333,2.0,1.2,0.8,0.7254901960784313,1
2026-02-22,Tottenham Hotspur FC,Arsenal FC,1,4,0.0,0.0,1.2,2.0,-0.8,0.4117647058823529,0
2026-02-22,Nottingham Forest FC,Liverpool FC,0,1,0.2,0.6666666666666666,0.4,1.4,-0.9999999999999999,0.3333333333333333,0
2026-02-22,Sunderland AFC,Fulham FC,1,3,0.4,0.0,1.2,0.8,0.3999999999999999,0.5384615384615384,0
2026-02-22,Crystal Palace FC,Wolverhampton Wanderers FC,1,0,0.2,0.6666666666666666,0.8,0.6,0.20000000000000007,0.3137254901960784,1
2026-02-23,Everton FC,Manchester United FC,0,1,0.4,0.3333333333333333,1.0,1.6,-0.6000000000000001,0.3333333333333333,0
2026-02-27,Wolverhampton Wanderers FC,Aston Villa FC,2,0,0.0,0.3333333333333333,1.2,1.2,0.0,0.28846153846153844,1
2026-02-28,AFC Bournemouth,Sunderland AFC,1,1,0.6,0.0,2.0,0.4,1.6,0.4117647058823529,0
2026-02-28,Burnley FC,Brentford FC,3,4,0.2,0.3333333333333333,1.0,2.0,-1.0,0.125,0
2026-02-28,Liverpool FC,West Ham United FC,5,2,0.6,1.0,1.6,1.2,0.40000000000000013,0.7058823529411765,1
2026-02-28,Newcastle United FC,Everton FC,2,3,0.2,0.3333333333333333,2.0,1.2,0.8,0.6078431372549019,0
2026-02-28,Leeds United FC,Manchester City FC,0,1,0.2,0.0,1.8,1.2,0.6000000000000001,0.46153846153846156,0
2026-03-01,Arsenal FC,Chelsea FC,2,1,0.6,0.3333333333333333,2.2,2.0,0.20000000000000018,0.7058823529411765,1
2026-03-01,Brighton & Hove Albion FC,Nottingham Forest FC,2,1,0.2,0.3333333333333333,0.8,1.2,-0.3999999999999999,0.4117647058823529,1
2026-03-01,Fulham FC,Tottenham Hotspur FC,2,1,0.4,0.6666666666666666,1.6,1.0,0.6000000000000001,0.45098039215686275,1
2026-03-01,Manchester United FC,Crystal Palace FC,2,1,0.8,0.3333333333333333,1.8,0.8,1.0,0.49019607843137253,1
2026-03-03,Wolverhampton Wanderers FC,Liverpool FC,2,1,0.2,0.0,1.0,1.2,-0.19999999999999996,0.3018867924528302,1
2026-03-03,Leeds United FC,Sunderland AFC,0,1,0.2,0.0,1.0,0.6,0.4,0.42857142857142855,0
2026-03-03,Everton FC,Burnley FC,2,0,0.4,0.6666666666666666,1.0,1.0,0.0,0.3269230769230769,1
2026-03-03,AFC Bournemouth,Brentford FC,0,0,0.4,0.0,2.0,2.4,-0.3999999999999999,0.40384615384615385,0
2026-03-04,Aston Villa FC,Chelsea FC,1,4,0.2,0.6666666666666666,1.0,1.8,-0.8,0.6153846153846154,0
2026-03-04,Brighton & Hove Albion FC,Arsenal FC,0,1,0.4,0.0,1.2,2.2,-1.0000000000000002,0.4230769230769231,0
2026-03-04,Fulham FC,West Ham United FC,0,1,0.4,0.3333333333333333,1.8,1.6,0.19999999999999996,0.46153846153846156,0
2026-03-04,Manchester City FC,Nottingham Forest FC,2,2,0.8,0.6666666666666666,1.8,1.4,0.40000000000000013,0.7307692307692307,0
2026-03-04,Newcastle United FC,Manchester United FC,2,1,0.2,0.6666666666666666,2.0,1.6,0.3999999999999999,0.5961538461538461,1
2026-03-05,Tottenham Hotspur FC,Crystal Palace FC,1,3,0.0,0.3333333333333333,1.2,0.8,0.3999999999999999,0.40384615384615385,0
2026-03-14,Chelsea FC,Newcastle United FC,0,1,0.4,0.3333333333333333,2.0,1.4,0.6000000000000001,0.5576923076923077,0
2026-03-14,Arsenal FC,Everton FC,2,0,0.6,0.3333333333333333,2.2,1.8,0.40000000000000013,0.7115384615384616,1
2026-03-14,West Ham United FC,Manchester City FC,1,1,0.4,0.0,1.4,1.0,0.3999999999999999,0.28846153846153844,0
2026-03-14,Sunderland AFC,Brighton & Hove Albion FC,0,1,0.2,0.0,1.2,1.2,0.0,0.5,0
2026-03-14,Burnley FC,AFC Bournemouth,0,0,0.2,0.0,1.6,1.4,0.20000000000000018,0.12121212121212122,0
2026-03-15,Nottingham Forest FC,Fulham FC,0,0,0.0,0.0,0.2,1.2,-1.0,0.3269230769230769,0
2026-03-15,Liverpool FC,Tottenham Hotspur FC,1,1,0.6,1.0,2.2,1.0,1.2000000000000002,0.7115384615384616,0
2026-03-15,Crystal Palace FC,Leeds United FC,0,0,0.6,0.0,1.0,1.4,-0.3999999999999999,0.3269230769230769,0
2026-03-15,Manchester United FC,Aston Villa FC,3,1,0.6,0.3333333333333333,2.0,0.8,1.2,0.5,1
2026-03-16,Brentford FC,Wolverhampton Wanderers FC,2,2,0.4,0.6666666666666666,0.8,0.4,0.4,0.40384615384615385,0
2026-03-20,AFC Bournemouth,Manchester United FC,2,2,0.2,0.3333333333333333,1.6,1.6,0.0,0.39622641509433965,0
2026-03-21,Everton FC,Chelsea FC,3,0,0.4,0.0,1.0,2.4,-1.4,0.33962264150943394,1
2026-03-21,Leeds United FC,Brentford FC,0,0,0.0,0.0,0.8,1.6,-0.8,0.4,0
2026-03-21,Brighton & Hove Albion FC,Liverpool FC,2,1,0.6,0.3333333333333333,0.8,1.0,-0.19999999999999996,0.41509433962264153,1
2026-03-21,Fulham FC,Burnley FC,3,1,0.4,0.3333333333333333,1.4,1.0,0.3999999999999999,0.4528301886792453,1
2026-03-22,Aston Villa FC,West Ham United FC,2,0,0.2,0.6666666666666666,0.6,1.8,-1.2000000000000002,0.6037735849056604,1
2026-03-22,Tottenham Hotspur FC,Nottingham Forest FC,0,3,0.0,0.0,1.2,1.6,-0.40000000000000013,0.39622641509433965,0
2026-03-22,Newcastle United FC,Sunderland AFC,1,2,0.6,0.0,2.0,0.6,1.4,0.6037735849056604,0
2026-04-10,West Ham United FC,Wolverhampton Wanderers FC,4,0,0.2,0.3333333333333333,1.2,0.6,0.6,0.2830188679245283,1
